benchmark,equation_id,equation_name,r2_score,pearson_correlation,abs_correlation,data_points,params,rmse
BENCH-OPEN_LLM_AVERAGE,standard_complexity,a·complexity^b·count^c + d·count + e·complexity + f,0.3016116631003515,0.5491918272561332,0.5491918272561332,1705,"[-4.2086446031340145e-18, 0.21143591096785244, 1.7909758473941144, 7.224573450216403e-10, -9.570853570644543, 10.485210959904247]",6.325953381224199
BENCH-OPEN_LLM_AVERAGE,ratio_simple_2,a·(complexity/(complexity+b))·count^c + d·count + e,0.3000637500989606,0.5477807514584353,0.5477807514584353,1705,"[-1.2230596141929497e-17, 0.0006158356869429875, 1.7123362167046705, 7.748686813280341e-10, 10.255666156220597]",6.332959945619173
BENCH-OPEN_LLM_AVERAGE,simplified_top_2,a·complexity^b·count^c + d·count + e,0.29994840811705636,0.547675458776245,0.547675458776245,1705,"[-2.5306717562594074e-17, 0.1848361055631917, 1.7171828865287178, 7.743910908608152e-10, 10.254262287564478]",6.333481726039317
BENCH-OPEN_LLM_AVERAGE,fixed_power_4,a·complexity^0.1·count^1.6 + b·count + c,0.2996540333889395,0.5474066435374524,0.5474066435374524,1705,"[-3.464381257143419e-16, 8.548690036553255e-10, 10.198872575936246]",6.334813214336105
BENCH-OPEN_LLM_AVERAGE,fixed_power_1,a·complexity^0.2·count^1.4 + b·count + c,0.299116185249936,0.5469151536115413,0.5469151536115413,1705,"[-9.902739211451384e-14, 9.656393517351164e-10, 10.211507044274667]",6.337245236334474
BENCH-OPEN_LLM_AVERAGE,weighted_fixed_3,a·complexity + b·count^1.5 + c·count + d,0.2990904448223477,0.546891620727862,0.546891620727862,1705,"[-8.305528668453842, -2.847218006034933e-15, 9.423634542545608e-10, 10.325625709805337]",6.3373616050542285
BENCH-OPEN_LLM_AVERAGE,random_2,a·count^1.8 + b·complexity^0.4 + c·count + d,0.29907784005545024,0.5468800965983767,0.5468800965983767,1705,"[-1.2547074639602147e-18, 0.006223568647546557, 7.798094851521623e-10, 10.22829910195396]",6.337418588588021
BENCH-OPEN_LLM_AVERAGE,count_only_3,a·count^b + c·count + d,0.29782347805847187,0.5457320570192591,0.5457320570192591,1705,"[-2.9471966562892157e-15, 1.5000000837570482, 9.701030821110568e-10, 10.135016881229083]",6.3430867384366945
BENCH-OPEN_LLM_AVERAGE,fixed_power_6,a·complexity^0.35·count^1.35 + b·count + c,0.29695084615587153,0.5449319647037336,0.5449319647037336,1705,"[-6.943651472764661e-13, 9.154706119910846e-10, 10.318374017587873]",6.347026959327442
BENCH-OPEN_LLM_AVERAGE,smooth_step_1,a·count^b·(complexity/(1+complexity)) + c·count + d,0.2965701179321132,0.5445825184114513,0.5445825184114513,1705,"[-2.8134071527898617e-19, 2.0525830694625906, 6.158899466293463e-10, 10.434580890885597]",6.348745306629175
BENCH-OPEN_LLM_AVERAGE,ratio_with_linear,a·(complexity/(complexity+1))·count^b + c·count + d,0.2928568261900174,0.5411624767017917,0.5411624767017917,1705,"[-3.1179668580856393e-13, 1.5000006308919869, 6.813209163488206e-10, 10.482298879866054]",6.365480246499923
BENCH-OPEN_LLM_AVERAGE,frac_root_2,a·complexity^b·count^c + d·count^0.6 + e,0.2854015919892494,0.5342299061143433,0.5342299061143433,1705,"[-5.651609582465644e-27, 0.9020662863702605, 2.691581786808742, 7.03199573454711e-06, 9.641942062958696]",6.398947105291968
BENCH-OPEN_LLM_AVERAGE,poly_hybrid_2,a·complexity^b·count^c + d·complexity² + e,0.28269573065555187,0.5316913866696424,0.5316913866696424,1705,"[3.562155069306485e-07, -0.27290239707699593, 0.6476229882284761, -73.68900026378573, 10.424979745667713]",6.4110506193856045
BENCH-OPEN_LLM_AVERAGE,simple_champion_2,a·complexity^b·count^c + d·complexity + e,0.28074551513510315,0.5298542395807249,0.5298542395807249,1705,"[3.5310238840884987e-07, -0.27095669115892396, 0.6483858233152723, -9.154869379231064, 10.47301746696752]",6.419759924632837
BENCH-OPEN_LLM_AVERAGE,simplified_top_1,a·complexity^b·count^c + d,0.2793843394211669,0.5285681975623477,0.5285681975623477,1705,"[8.533526591993203e-07, -0.2529361848998134, 0.6174196140180801, 10.160973102871552]",6.425831691347588
BENCH-OPEN_LLM_AVERAGE,ratio_simple_1,a·(complexity/(complexity+b))·count^c + d,0.2728337212535876,0.5223348746387457,0.5223348746387457,1705,"[1.6640390700431853e-05, -6.928406629833554e-05, 0.5507420930905316, 9.991569685262983]",6.454972011551342
BENCH-OPEN_LLM_AVERAGE,hybrid_opt_1,a·count^b + c·complexity^0.2 + d,0.27262687481646575,0.5221368353391967,0.5221368353391967,1705,"[6.070605115818229e-05, 0.5000688483990476, 3.050017367371065, 8.552258889428952]",6.455890022372559
BENCH-OPEN_LLM_AVERAGE,simplified_top_4,a·count^b + c·complexity + d,0.272446689317956,0.5219642606467728,0.5219642606467728,1705,"[1.443800741518766e-05, 0.5563705861638935, -7.700988642819931, 10.229628334205138]",6.4566896021823235
BENCH-OPEN_LLM_AVERAGE,optimal_simplified_2,a·count^b + c·complexity + d,0.27244668894769286,0.5219642603239617,0.5219642603239617,1705,"[1.4499270561628545e-05, 0.5562008125812156, -7.692462693434312, 10.228623534292563]",6.456689603825278
BENCH-OPEN_LLM_AVERAGE,creative_7,a·count^b + c·(complexity/(1+complexity)) + d,0.2721981659742848,0.5217261408584847,0.5217261408584847,1705,"[1.5177211425473936e-05, 0.5544222146441454, -7.8141555513839425, 10.208255084377633]",6.457792271263488
BENCH-OPEN_LLM_AVERAGE,hybrid_opt_2,a·count^b + c·complexity^0.3 + d,0.27208532893114246,0.5216179913974814,0.5216179913974814,1705,"[4.725693830874809e-05, 0.5099346470337532, 2.1999161170496166, 9.250633877265274]",6.458292853915258
BENCH-OPEN_LLM_AVERAGE,hybrid_opt_3,a·count^b + c·complexity^0.4 + d,0.2717127612492488,0.521260742137794,0.521260742137794,1705,"[3.649278660715048e-05, 0.5200888402385505, 1.4381584042268047, 9.627290700840472]",6.459945412578793
BENCH-OPEN_LLM_AVERAGE,smooth_step_2,a·count^b/(1+complexity) + c,0.271656645055522,0.5212069119442029,0.5212069119442029,1705,"[2.500676713097338e-05, 0.5351550831304485, 9.949932104450902]",6.460194284552796
BENCH-OPEN_LLM_AVERAGE,random_new_5,a·count·count^b/(1+complexity) + c,0.2716566447257186,0.5212069116383434,0.5212069116383434,1705,"[2.4998507297262747e-05, -0.4648317461474461, 9.950001470447909]",6.460194286015425
BENCH-OPEN_LLM_AVERAGE,creative_6,a·count^b·(1 + c/(1+complexity)) + d,0.27165532059515685,0.5212056416886565,0.5212056416886565,1705,"[2.2099149716107046e-07, 0.5351213986653446, 112.24322733406615, 9.949778625073597]",6.460200158339749
BENCH-OPEN_LLM_AVERAGE,hybrid_opt_4,a·count^b + c·complexity^0.5 + d,0.2715307556927188,0.5210861309003336,0.5210861309003336,1705,"[2.8460410640389455e-05, 0.5298416464370697, 0.5537610670270519, 9.860851157280752]",6.4607525614956005
BENCH-OPEN_LLM_AVERAGE,count_pure_offset_1,a·count^b + c (pure),0.2715067933428641,0.5210631375829213,0.5210631375829213,1705,"[2.5335004997618686e-05, 0.5343965117629995, 9.948621043226197]",6.4608588209851465
BENCH-OPEN_LLM_AVERAGE,random_new_4,a·(count+complexity)^b + c,0.27150679333368066,0.521063137573025,0.521063137573025,1705,"[2.5297073249160872e-05, 0.5344568246307534, 9.948938936410654]",6.4608588210258695
BENCH-OPEN_LLM_AVERAGE,count_only_1,a·count^b + c,0.2715067933308669,0.521063137571509,0.521063137571509,1705,"[2.5295884390650856e-05, 0.5344586976967823, 9.948948831465756]",6.460858821038347
BENCH-OPEN_LLM_AVERAGE,poly_interaction_1,a·count + b·complexity + c·complexity·count + d,0.27104866562861174,0.5206233433381678,0.5206233433381678,1705,"[6.097065407548548e-10, -17.194972578575076, -6.788996141025179e-08, 11.415108239773584]",6.46289002268679
BENCH-OPEN_LLM_AVERAGE,fixed_power_8,a·complexity^0.5·count^1.0 + b·count + c,0.2660496527233055,0.5158000123335644,0.5158000123335644,1705,"[-8.294945011772462e-09, 8.495181506831244e-10, 11.100615155488446]",6.485012808900447
BENCH-OPEN_LLM_AVERAGE,product_simple_1,a·complexity·count + b·count + c,0.2653702134609621,0.5151409646504166,0.5151409646504166,1705,"[-7.094574308888401e-08, 6.322225981532382e-10, 11.095394601996857]",6.488013797371024
BENCH-MMLU_5,hybrid_opt_1,a·count^b + c·complexity^0.2 + d,0.25379219211757176,0.5037779194463217,0.5037779194463217,1925,"[0.0010146485323301276, 0.40318277344710984, 41.154331246397795, 39.55755136497371]",14.709815112102165
BENCH-MMLU_5,hybrid_opt_2,a·count^b + c·complexity^0.3 + d,0.25242805929328593,0.5024221923055637,0.5024221923055637,1925,"[0.0016474700449717883, 0.38441211978365764, 43.3336117201194, 44.33895300411547]",14.7232543840658
BENCH-MMLU_5,random_2,a·count^1.8 + b·complexity^0.4 + c·count + d,0.2522339744808496,0.5022290060130432,0.5022290060130432,1925,"[-9.760326893823798e-19, 42.91024992545397, 8.381285997272251e-10, 50.9916389138162]",14.725165487508795
BENCH-OPEN_LLM_AVERAGE,creative_3,a·(complexity·count)^b + c·count,0.25132741944731896,0.5013262634300717,0.5013262634300717,1705,"[7.190434341838973, 0.033038692099172005, 1.7613557421425083e-10]",6.549730973490728
BENCH-OPEN_LLM_AVERAGE,simple_champion_4,a·complexity^b·count^c + d·count,-0.6220112658448096,0.501231329707238,0.501231329707238,1705,"[-1.2215974621325321e-05, -7.272143954326085e-06, 1.0000735466059185, 1.2239186727277742e-05]",9.640608155408156
BENCH-MMLU_5,hybrid_opt_3,a·count^b + c·complexity^0.4 + d,0.24825061292892403,0.4982475418386068,0.4982475418386068,1925,"[0.0015569379219061812, 0.38674222075431225, 46.891342466601216, 47.48784401128219]",14.764333989762504
BENCH-OPEN_LLM_AVERAGE,poly_interaction_2,a·count² + b·complexity + c·complexity·count + d·count + e,-0.7089978349312638,0.49452657022286867,0.49452657022286867,1705,"[-6.5608085423382474e-21, -9.913062103313756, -1.9530742769609565e-08, 7.567132759184184e-10, 10.53537677509696]",9.895739502887544
BENCH-MMLU_5,hybrid_opt_4,a·count^b + c·complexity^0.5 + d,0.24336949728887525,0.4933249409361917,0.4933249409361917,1925,"[0.0011735558240760955, 0.39787179809452505, 51.77103027432777, 49.66645010511184]",14.812188912596255
BENCH-OPEN_LLM_AVERAGE,product_power,a·(complexity·count)^b + c,0.2432260239497902,0.49317950479523154,0.49317950479523154,1705,"[0.002956171646044698, 0.4303354788561336, 9.792965972509773]",6.58507298266699
BENCH-OPEN_LLM_AVERAGE,cross_term_1,a·(complexity·count)^b + c,0.24322602380518987,0.49317950465468446,0.49317950465468446,1705,"[0.0029568402347631985, 0.4303238873524454, 9.792881787255624]",6.58507298329611
BENCH-OPEN_LLM_AVERAGE,random_6,a·count^0.5·complexity^2.0 + b·count + c,0.2400415515761587,0.4899403551210683,0.4899403551210683,1705,"[-0.19653951575855708, 2.433077898133812e-10, 11.593624186511484]",6.598913290176379
BENCH-OPEN_LLM_AVERAGE,poly_hybrid_1,a·complexity^b·count^c + d·count² + e,-1.112381833068019,0.48698362477572626,0.48698362477572626,1705,"[1.4769405509353275e-10, -0.07983030197700483, 1.0472317738085293, -7.755498742568453e-21, 10.383165178687909]",11.00179909450949
BENCH-OPEN_LLM_AVERAGE,count_only_7,a·count + b,0.23680069962009098,0.4866217212785418,0.4866217212785418,1705,"[2.2056458820719773e-10, 11.369717272121095]",6.6129688936467135
BENCH-OPEN_LLM_AVERAGE,single_count_linear,a·count + b,0.23680069962009098,0.4866217212785418,0.4866217212785418,1705,"[2.2056458820719773e-10, 11.369717272121095]",6.6129688936467135
BENCH-OPEN_LLM_AVERAGE,cross_term_2,a·(complexity/count)^b + c·count + d,0.23680069962009087,0.4866217212785415,0.4866217212785415,1705,"[-411.20530042883354, 50.7735231277422, 2.2056458827119752e-10, 11.369717276730658]",6.612968893646714
BENCH-MMLU_5,standard_complexity,a·complexity^b·count^c + d·count + e·complexity + f,0.23529568764760833,0.4850728683931131,0.4850728683931131,1925,"[-3.955604809103234e-14, 1.2196026990112222e-06, 1.4010905394915258, 1.2532709666067636e-09, 97.7185687094876, 55.551141241681705]",14.891007737271265
BENCH-MMLU_5,weighted_fixed_3,a·complexity + b·count^1.5 + c·count + d,0.23406953592039048,0.48380733347107346,0.48380733347107346,1925,"[97.29886244879283, -2.6756134343087597e-15, 1.077489176898701e-09, 55.69934167784883]",14.90294131820067
BENCH-OPEN_LLM_AVERAGE,cross_term_3,a·(count/complexity)^b + c,0.22842182964729507,0.477934963838686,0.477934963838686,1705,"[1.2813743200507957e-06, 0.5314433317118241, 10.142196213420663]",6.649170418286535
BENCH-MMLU_5,creative_7,a·count^b + c·(complexity/(1+complexity)) + d,0.22551156834520203,0.4748805833756139,0.4748805833756139,1925,"[0.00025085144221652725, 0.4585344606468912, 116.61095060712123, 54.053569457987074]",14.985967528545583
BENCH-MMLU_5,simplified_top_4,a·count^b + c·complexity + d,0.22240289229287302,0.4715961115149369,0.4715961115149369,1925,"[0.00018680378378286143, 0.47021383846032694, 96.93548565321662, 54.39968898913736]",15.01601308009953
BENCH-MMLU_5,optimal_simplified_2,a·count^b + c·complexity + d,0.22240289218656029,0.471596111415746,0.471596111415746,1925,"[0.00018681246487737467, 0.4702119555886529, 96.93568958931147, 54.3996625258803]",15.016013081126022
BENCH-OPEN_LLM_AVERAGE,ratio_ultra_simple,a·(complexity/(complexity+1))·count^b + c,0.2213759545144015,0.4705060622446653,0.4705060622446653,1705,"[0.0032073197186268105, 0.542659138018378, 10.698281762970485]",6.679460774969981
BENCH-OPEN_LLM_AVERAGE,ratio_optimal_3,a·(complexity/(complexity+1))·count^b + c,0.2213759544848849,0.4705060622166022,0.4705060622166022,1705,"[0.003207372198451521, 0.542658469416119, 10.698279169505385]",6.679460775096586
BENCH-OPEN_LLM_AVERAGE,creative_4,a·count^b·(1 + c·complexity^d) + e,0.21556560258750668,0.46784965019870706,0.46784965019870706,1705,"[8.766909388898086e-13, 1.499752964583709, -1.002002783873916, 0.0005498814514340016, 11.740365104150928]",6.704336633598516
BENCH-OPEN_LLM_AVERAGE,count_1_4_var_1,a·count^1.4 + b·complexity + c [fixed],0.21618490345762353,0.46495688343933933,0.46495688343933933,1705,"[9.374655329696139e-15, -24.82268860087598, 12.2174745659501]",6.701689617266724
BENCH-OPEN_LLM_AVERAGE,minimal_3param_1,a·count^1.42 + b·complexity + c [minimal],0.21498982069412043,0.46366994801703526,0.46366994801703526,1705,"[5.676604318589979e-15, -24.949328308436126, 12.23229571126103]",6.70679670390616
BENCH-OPEN_LLM_AVERAGE,simplified_best_1,a·complexity^b·count^c + d·count + e·complexity (no offset),-0.4092992701515701,0.46276421305528387,0.46276421305528387,1705,"[-1.2132661142549253e-05, -5.501765940904595e-06, 1.0000714448886676, 1.2154962466056094e-05, 94.22949396460348]",8.986262724404803
BENCH-OPEN_LLM_AVERAGE,ultra_count_opt_2,a·count^1.395 + b·complexity^0.5 + c,0.2135206174397416,0.46208291186727674,0.46208291186727674,1705,"[1.0671831698937813e-14, -9.048819903531157, 12.696155003804929]",6.713069897336988
BENCH-OPEN_LLM_AVERAGE,ultra_count_opt_1,a·count^1.405 + b·complexity^0.5 + c,0.21291758742346034,0.46142993771910823,0.46142993771910823,1705,"[8.304313844286105e-15, -9.080581904783687, 12.705800134539562]",6.715643014353466
BENCH-OPEN_LLM_AVERAGE,ultra_count_opt_3,a·count^1.415 + b·complexity^0.5 + c,0.2123208650689874,0.4607828827864454,0.4607828827864454,1705,"[6.4620905637728495e-15, -9.111702606469725, 12.715254376181852]",6.718188246588805
BENCH-OPEN_LLM_AVERAGE,ultra_count_opt_4,a·count^1.425 + b·complexity^0.5 + c,0.21173042203189185,0.46014174124055685,0.46014174124055685,1705,"[5.028597252601286e-15, -9.14219857718271, 12.72452247151497]",6.720705746555025
BENCH-OPEN_LLM_AVERAGE,count_power_1_3,a·count^1.3 + b,0.2112030058061427,0.4595682819844539,0.4595682819844539,1705,"[1.1833349075758223e-13, 11.71792599104683]",6.722953718980215
BENCH-OPEN_LLM_AVERAGE,count_1_4_var_5,a·count^1.4 + b·complexity^0.33 + c [fixed],0.21117294517681062,0.4595355755290447,0.4595355755290447,1705,"[9.463145312021765e-15, -6.418729123927032, 13.120384929569148]",6.723081821835477
BENCH-OPEN_LLM_AVERAGE,ultra_count_opt_5,a·count^1.435 + b·complexity^0.5 + c,0.2111462276115963,0.4595065044279528,0.4595065044279528,1705,"[3.913138458103422e-15, -9.172084163748643, 12.733608862719114]",6.723195676231681
BENCH-OPEN_LLM_AVERAGE,weighted_optimal_1,a·count^1.45 + b·complexity^0.5 + c,0.21028157959825788,0.4585646951066531,0.4585646951066531,1705,"[2.6862803050877216e-15, -9.215803067936767, 12.746907584060468]",6.726879252279574
BENCH-OPEN_LLM_AVERAGE,count_1_4_var_4,a·count^1.4 + b·complexity^0.25 + c [fixed],0.2100810878750835,0.45834603508166544,0.45834603508166544,1705,"[9.491447401219548e-15, -5.644667965508758, 13.470111019400477]",6.727733099669226
BENCH-MMLU_5,creative_4,a·count^b·(1 + c·complexity^d) + e,0.20755677722229626,0.45558399589288245,0.45558399589288245,1925,"[3.929260707527754e-05, 0.5278973519208826, 4313493.317565917, 6.919432282352908, 56.820981280475976]",15.15868042998801
BENCH-OPEN_LLM_AVERAGE,weighted_fixed_1,a·complexity^0.5 + b·count^1.5 + c,0.20749881818652516,0.4555203817465524,0.4555203817465524,1705,"[-9.352497384614008, 7.667371778722162e-16, 12.788538279893876]",6.738720712495601
BENCH-OPEN_LLM_AVERAGE,random_explore_3,a·count^1.47 + b·complexity^0.35 + c,0.20732399834482484,0.45532845106013836,0.45532845106013836,1705,"[1.634224513565231e-15, -6.834031056843054, 13.129045892238144]",6.739463927240571
BENCH-OPEN_LLM_AVERAGE,random_explore_2,a·count^1.37 + b,0.2061854810215037,0.4540765145011396,0.4540765145011396,1705,"[2.0433227083159928e-14, 11.771546521046503]",6.744302122933696
BENCH-MMLU_5,simplified_top_2,a·complexity^b·count^c + d·count + e,0.20599440642699607,0.45386606661792916,0.45386606661792916,1925,"[-3.2317193948005403e-14, 1.0347267682874458e-07, 1.401356242061969, 1.0944725094047838e-09, 57.38894867475788]",15.173616400731266
BENCH-MMLU_5,count_only_3,a·count^b + c·count + d,0.20501574357530472,0.4527866424435517,0.4527866424435517,1925,"[-2.1983122902853767e-15, 1.4999999014361256, 9.491028037443369e-10, 57.50855685967192]",15.182964749020925
BENCH-OPEN_LLM_AVERAGE,weighted_optimal_2,a·count^1.5 + b·complexity^0.3 + c,0.20496136092954442,0.45272658518088377,0.45272658518088377,1705,"[7.716474391202607e-16, -6.313358641715229, 13.345457230936253]",6.749500223506026
BENCH-OPEN_LLM_AVERAGE,minimal_3param_4,a·count^1.5 + b·complexity^0.3 + c [minimal],0.20496136092954442,0.45272658518088377,0.45272658518088377,1705,"[7.716474391202607e-16, -6.313358641715229, 13.345457230936253]",6.749500223506026
BENCH-OPEN_LLM_AVERAGE,count_power_1_4,a·count^1.4 + b,0.20414878233750622,0.4518282664215532,0.4518282664215532,1705,"[9.627134869085135e-15, 11.792306154015277]",6.752948545675878
BENCH-OPEN_LLM_AVERAGE,ultra_simple_3,a·count^1.4,-1.9592126581400908,0.4518282664215531,0.4518282664215531,1705,[1.995346054781009e-14],13.02163704753575
BENCH-MMLU_5,simplified_top_1,a·complexity^b·count^c + d,0.20371953652795782,0.4513530066452445,0.4513530066452445,1925,"[0.00036415029886375383, 0.1448857492571263, 0.4685364067192795, 56.52088342172199]",15.1953374785465
BENCH-OPEN_LLM_AVERAGE,count_fine_1_42,a·count^1.42 + b,0.2028281133010188,0.450364422774511,0.450364422774511,1705,"[5.8294216015930175e-15, 11.805476267445686]",6.758549286757747
BENCH-OPEN_LLM_AVERAGE,random_new_1,a·count^1.55 + b·complexity^0.33 + c,0.20271652184411515,0.45024051555153827,0.45024051555153827,1705,"[2.200720247830868e-16, -6.750208171408107, 13.273564300114048]",6.759022315211211
BENCH-OPEN_LLM_AVERAGE,weighted_optimal_3,a·count^1.55 + b·complexity^0.25 + c,0.2015521033331623,0.4489455460667389,0.4489455460667389,1705,"[2.207411458436836e-16, -5.956809454143542, 13.647806953396655]",6.763956231059167
BENCH-OPEN_LLM_AVERAGE,count_fine_1_44,a·count^1.44 + b,0.20153670777140065,0.4489283993816838,0.4489283993816838,1705,"[3.5299745944937095e-15, 11.818140437945852]",6.764021441578456
BENCH-OPEN_LLM_AVERAGE,minimal_3param_5,a·count^1.55 + b·complexity^0.2 + c [minimal],0.20079634920785383,0.4481030564589506,0.4481030564589506,1705,"[2.2117967373348481e-16, -5.6820328184080715, 14.009548266212592]",6.767156614441055
BENCH-OPEN_LLM_AVERAGE,count_fine_1_46,a·count^1.46 + b,0.20027415111069247,0.4475200007940342,0.4475200007940342,1705,"[2.137645272231993e-15, 11.830322604306364]",6.769367076848457
BENCH-OPEN_LLM_AVERAGE,aggressive_random_1,a·count^1.618 + b·complexity^0.382 + c [golden],0.2000502319082086,0.4472697529547558,0.4472697529547558,1705,"[3.9958058023314127e-17, -7.573284094307692, 13.154982652784872]",6.770314704832877
BENCH-OPEN_LLM_AVERAGE,weighted_fixed_2,a·complexity^0.3 + b·count^1.6 + c,0.19976167493200125,0.4469470605474446,0.4469470605474446,1705,"[-6.498457497204599, 6.292022242896245e-17, 13.43818374862098]",6.771535684869279
BENCH-OPEN_LLM_AVERAGE,aggressive_random_2,a·count^1.732 + b/(complexity+1) + c [sqrt2],0.1993852002700539,0.4465256994508308,0.4465256994508308,1705,"[2.2766051620343242e-18, 30.87631197116151, -18.437611919254167]",6.773128342809762
BENCH-OPEN_LLM_AVERAGE,count_fine_1_48,a·count^1.48 + b,0.19904000121726428,0.44613899315937855,0.44613899315937855,1705,"[1.294547025910795e-15, 11.842045405542544]",6.774588361733802
BENCH-OPEN_LLM_AVERAGE,count_fine_1_52,a·count^1.52 + b,0.19665504201451078,0.4434580498925578,0.4434580498925578,1705,"[4.74828877141801e-16, 11.864197406799668]",6.784666959475183
BENCH-MMLU_5,simplified_best_1,a·complexity^b·count^c + d·count + e·complexity (no offset),-5.014886935200238,0.44288175797425944,0.44288175797425944,1925,"[-2.7473052185382095e-13, 6.356718433703628e-07, 1.3999686195316738, 7.369426892551645e-09, 677.0401750720381]",41.76293898510227
BENCH-OPEN_LLM_AVERAGE,count_fine_1_54,a·count^1.54 + b,0.195503248673209,0.4421574930646418,0.4421574930646418,1705,"[2.8759038841827416e-16, 11.874666035151451]",6.789528964980631
BENCH-MMLU_5,count_only_1,a·count^b + c,0.19503262981428882,0.441624987928056,0.441624987928056,1925,"[1.1761983649938445e-05, 0.5804586387213722, 57.04425475009771]",15.277998315781396
BENCH-MMLU_5,random_new_4,a·(count+complexity)^b + c,0.19503262940093347,0.4416249875074084,0.4416249875074084,1925,"[1.1835804080029748e-05, 0.5802106924020938, 57.042122037272236]",15.277998319704064
BENCH-MMLU_5,count_pure_offset_1,a·count^b + c (pure),0.19503262921555464,0.4416249873069827,0.4416249873069827,1925,"[1.1759230806781003e-05, 0.5804677734881085, 57.04433342521729]",15.277998321463276
BENCH-MMLU_5,frac_root_2,a·complexity^b·count^c + d·count^0.6 + e,0.19494721357994982,0.4415282704198566,0.4415282704198566,1925,"[2.526469518116467e-16, 0.30004138330554214, 1.4000002015759874, 7.1362321030642776e-06, 57.224606529687755]",15.278808879361968
BENCH-MMLU_5,product_power,a·(complexity·count)^b + c,0.19492304876108402,0.44150090459876623,0.44150090459876623,1925,"[0.11890181631463582, 0.25469067257807687, 54.265513466960364]",15.279038185368192
BENCH-MMLU_5,cross_term_1,a·(complexity·count)^b + c,0.19492304812710026,0.44150090388401664,0.44150090388401664,1925,"[0.11877354915662083, 0.2547383451597392, 54.26738020507732]",15.279038191384178
BENCH-OPEN_LLM_AVERAGE,count_fine_1_56,a·count^1.56 + b,0.19437790077927308,0.44088309196347375,0.44088309196347375,1705,"[1.7419273460052538e-16, 11.884754315993332]",6.7942759773347525
BENCH-OPEN_LLM_AVERAGE,count_fine_1_58,a·count^1.58 + b,0.1932784767045551,0.43963448079575734,0.43963448079575734,1705,"[1.0551254881437608e-16, 11.894479430965871]",6.798910435499522
BENCH-OPEN_LLM_AVERAGE,count_power_1_6,a·count^1.6 + b,0.19220444787017876,0.4384112770791584,0.4384112770791584,1705,"[6.391408062390232e-17, 11.903857684631188]",6.803434795393812
BENCH-OPEN_LLM_AVERAGE,ultra_simple_4,a·count^1.6,-2.0431282747460515,0.4384112770791583,0.4384112770791583,1705,[1.314821236879633e-16],13.204976348782587
BENCH-MMLU_5,poly_interaction_1,a·count + b·complexity + c·complexity·count + d,0.1912777084959043,0.43735307075165747,0.43735307075165747,1925,"[2.820271206307561e-10, 78.88710675932079, -4.280993452114741e-10, 58.08833314128862]",15.31359040230802
BENCH-MMLU_5,smooth_step_2,a·count^b/(1+complexity) + c,0.19126068884001446,0.4373336128113391,0.4373336128113391,1925,"[7.701311306333941e-06, 0.5980359587229642, 57.181823436405956]",15.31375153961719
BENCH-OPEN_LLM_AVERAGE,random_explore_1,a·count^1.63 + b,0.19063985340683953,0.43662323965501343,0.43662323965501343,1705,"[3.01348769612848e-17, 11.917308290587279]",6.810020290363555
BENCH-OPEN_LLM_AVERAGE,random_1,a·count² + b·complexity + c,0.18972192520914333,0.4355708038989105,0.4355708038989105,1705,"[2.777024728704169e-21, -27.171676435002198, 12.493407835321804]",6.813880956269072
BENCH-OPEN_LLM_AVERAGE,creative_1,a·complexity^0.5·count^1.5 + b/(count+c) + d,0.18963919799038886,0.43547582939905544,0.43547582939905544,1705,"[9.835770712322365e-15, -42762178.16833438, -68924445.64912187, 11.940652797518922]",6.814228786878594
BENCH-MMLU_5,poly_hybrid_1,a·complexity^b·count^c + d·count² + e,-0.11260345261398186,0.435108096763055,0.435108096763055,1925,"[2.3904085993411153e-07, 0.11003283256494452, 0.7827808317099196, -3.7632050475873536e-21, 56.899260893677834]",17.961703426737554
BENCH-OPEN_LLM_AVERAGE,random_explore_5,a·count^1.67·(1 + b/(complexity+1)) + c,0.1886461821181833,0.4343341825348114,0.4343341825348114,1705,"[1.0060147725708647e-17, 0.1000202950223677, 11.934115044516137]",6.8184025855345425
BENCH-OPEN_LLM_AVERAGE,count_power_1_7,a·count^1.7 + b,0.18719651103343893,0.43266212109848323,0.43266212109848323,1705,"[5.2159127445648436e-18, 11.946059926348775]",6.824491192986137
BENCH-MMLU_5,count_1_4_var_4,a·count^1.4 + b·complexity^0.25 + c [fixed],0.18519671825925355,0.4303448829244441,0.4303448829244441,1925,"[9.568876585521536e-15, 30.207723508616308, 51.35847798841692]",15.371055986040147
BENCH-MMLU_5,fixed_power_4,a·complexity^0.1·count^1.6 + b·count + c,0.18431124369060992,0.429314853796849,0.429314853796849,1925,"[-8.637395004063214e-17, 5.01855531381388e-10, 58.57718851764775]",15.379405844026808
BENCH-MMLU_5,poly_interaction_2,a·count² + b·complexity + c·complexity·count + d·count + e,-0.5544076234771087,0.42859351767557646,0.42859351767557646,1925,"[-5.784500685104061e-21, 75.5667256240925, 1.4583285458507432e-09, 7.51984629348232e-10, 56.40581345256362]",21.230478297826764
BENCH-OPEN_LLM_AVERAGE,count_power_1_8,a·count^1.8 + b,0.18274350157736774,0.42748508930413875,0.42748508930413875,1705,"[4.2609021620884666e-19, 11.981601477165867]",6.843159921031238
BENCH-MMLU_5,random_6,a·count^0.5·complexity^2.0 + b·count + c,0.18237006494852204,0.42704808271261685,0.42704808271261685,1925,"[0.003707898833701926, 2.414104425440578e-10, 59.399686258855375]",15.397694949274962
BENCH-MMLU_5,count_1_4_var_5,a·count^1.4 + b·complexity^0.33 + c [fixed],0.18204942265747626,0.42667250047018057,0.42667250047018057,1925,"[9.60721018553899e-15, 30.63278949505768, 53.99441818614386]",15.400713838401574
BENCH-OPEN_LLM_AVERAGE,ratio_optimal_1,a·(complexity/(complexity+10))·count^1.4 + b,0.18036434185630446,0.4246932326471712,0.4246932326471712,1705,"[1.5265039608832414e-11, 11.943137325516343]",6.853113429257994
BENCH-MMLU_5,minimal_3param_5,a·count^1.55 + b·complexity^0.2 + c [minimal],0.1794856845082593,0.42365750849980144,0.42365750849980144,1925,"[2.0803068362146214e-16, 30.62699422263325, 49.0518294876237]",15.424830520046754
BENCH-OPEN_LLM_AVERAGE,count_power_1_9,a·count^1.9 + b,0.178781336656064,0.42282542101446996,0.42282542101446996,1705,"[3.484036100882816e-20, 12.011770102686839]",6.859728125107995
BENCH-MMLU_5,minimal_3param_4,a·count^1.5 + b·complexity^0.3 + c [minimal],0.17797961942476348,0.42187630820509886,0.42187630820509886,1925,"[7.477976713192969e-16, 30.231349777018544, 53.31464075995628]",15.43898027215214
BENCH-MMLU_5,weighted_optimal_2,a·count^1.5 + b·complexity^0.3 + c,0.17797961942476348,0.42187630820509886,0.42187630820509886,1925,"[7.477976713192969e-16, 30.231349777018544, 53.31464075995628]",15.43898027215214
BENCH-MMLU_5,weighted_optimal_3,a·count^1.55 + b·complexity^0.25 + c,0.17756635176089586,0.4213862263540372,0.4213862263540372,1925,"[2.0830751880785252e-16, 30.106664642647008, 51.58418759663477]",15.442860729210972
BENCH-MMLU_5,random_explore_3,a·count^1.47 + b·complexity^0.35 + c,0.17755958555802465,0.42137819777252916,0.42137819777252916,1925,"[1.6122002870492115e-15, 30.853861181601747, 54.58685137987089]",15.442924253675177
BENCH-OPEN_LLM_AVERAGE,ratio_optimal_2,a·(complexity/(complexity+b))·count^1.5 + c,0.17655878920701906,0.4201889922487487,0.4201889922487487,1705,"[1.2468246113850189e-12, 9.986445503549705, 11.984123842082036]",6.869004442344435
BENCH-MMLU_5,ultra_count_opt_2,a·count^1.395 + b·complexity^0.5 + c,0.17643508780728157,0.42004176912216923,0.42004176912216923,1925,"[1.1018163762928137e-14, 35.02904819753299, 56.82138726198795]",15.453477967656395
BENCH-MMLU_5,fixed_power_1,a·complexity^0.2·count^1.4 + b·count + c,0.17615450484022876,0.4197076421036778,0.4197076421036778,1925,"[-6.739120605302465e-15, 3.5528421630941584e-10, 59.07208353814666]",15.456110190926355
BENCH-OPEN_LLM_AVERAGE,frac_root_1,a·complexity^b·count^c + d·count^0.4,-0.11190127563345276,0.4196204059558219,0.4196204059558219,1705,"[-6.110537871717301, -1.6073326677826126e-06, 0.4000660245031553, 6.121714918647769]",7.981979578062398
BENCH-MMLU_5,ultra_count_opt_1,a·count^1.405 + b·complexity^0.5 + c,0.17588278859852047,0.41938382014393494,0.41938382014393494,1925,"[8.537175613074965e-15, 35.01159929739842, 56.83787980424019]",15.45865880591283
BENCH-MMLU_5,ultra_count_opt_3,a·count^1.415 + b·complexity^0.5 + c,0.17533594867439306,0.4187313562111071,0.4187313562111071,1925,"[6.61485179705003e-15, 34.99464973938378, 56.854080963345204]",15.463786723306821
BENCH-MMLU_5,product_simple_1,a·complexity·count + b·count + c,0.17533225274004494,0.4187269429354227,0.4187269429354227,1925,"[4.844361066053713e-10, 2.6070376762436213e-10, 59.37862458264294]",15.46382137564578
BENCH-OPEN_LLM_AVERAGE,count_power_2_0,a·count^2.0 + b,0.17525068732058213,0.4186295346969465,0.4186295346969465,1705,"[2.851287926241063e-21, 12.037571026673891]",6.87445825731868
BENCH-MMLU_5,fixed_power_8,a·complexity^0.5·count^1.0 + b·count + c,0.17504392723750573,0.41838251306371044,0.41838251306371044,1925,"[1.622684966895616e-10, 2.5318498371134786e-10, 59.373469386860094]",15.466524418440947
BENCH-MMLU_5,ultra_count_opt_4,a·count^1.425 + b·complexity^0.5 + c,0.1747945176672332,0.41808434276738143,0.41808434276738143,1925,"[5.1253905323223664e-15, 34.97817964351046, 56.86999839422805]",15.468862244550783
BENCH-MMLU_5,random_new_1,a·count^1.55 + b·complexity^0.33 + c,0.17437209383952068,0.41757884745221546,0.41757884745221546,1925,"[2.0917509260881148e-16, 30.49649129101445, 54.218804753823555]",15.472821003980648
BENCH-MMLU_5,fixed_power_6,a·complexity^0.35·count^1.35 + b·count + c,0.17434509862125191,0.4175465227028625,0.4175465227028625,1925,"[-7.788161352348342e-15, 2.9393833261350907e-10, 59.25470142589645]",15.473073956165825
BENCH-MMLU_5,ultra_count_opt_5,a·count^1.435 + b·complexity^0.5 + c,0.1742584445048676,0.41744274398397146,0.41744274398397146,1925,"[3.971318982549958e-15, 34.962172462291065, 56.88563926536278]",15.473885899733883
BENCH-MMLU_5,smooth_step_1,a·count^b·(complexity/(1+complexity)) + c·count + d,0.17421749988750246,0.4173936989072817,0.4173936989072817,1925,"[3.1025881108614176e-16, 1.4999743267225951, 2.757570480052064e-10, 59.32212997997037]",15.474269533377685
BENCH-MMLU_5,ratio_simple_2,a·(complexity/(complexity+b))·count^c + d·count + e,0.1742174885754797,0.41739368535649846,0.41739368535649846,1925,"[3.100425543582919e-16, 1.0000039967926442, 1.4999997614874598, 2.757572467730213e-10, 59.322129102524336]",15.474269639365211
BENCH-MMLU_5,cross_term_2,a·(complexity/count)^b + c·count + d,0.17417430285499458,0.41734194955095827,0.41734194955095827,1925,"[-205.94125868379538, 975.2375705011563, 2.793546484227807e-10, 59.3045202708091]",15.47467426088316
BENCH-MMLU_5,count_only_7,a·count + b,0.17417430285499436,0.41734194955095816,0.41734194955095816,1925,"[2.7935464744039155e-10, 59.304520282969726]",15.474674260883162
BENCH-MMLU_5,single_count_linear,a·count + b,0.17417430285499436,0.41734194955095816,0.41734194955095816,1925,"[2.7935464744039155e-10, 59.304520282969726]",15.474674260883162
BENCH-MMLU_5,simple_champion_4,a·complexity^b·count^c + d·count,-6.76601135499372,0.41694371678122283,0.41694371678122283,1925,"[-2.735845075688893e-13, 2.8021004866165567e-08, 1.400705210468493, 7.732960446664348e-09]",47.454382907811386
BENCH-MMLU_5,weighted_optimal_1,a·count^1.45 + b·complexity^0.5 + c,0.17346426748783073,0.4164904170420139,0.4164904170420139,1925,"[2.7086217166281217e-15, 34.938988222433736, 56.908597805477484]",15.481325304395009
BENCH-MMLU_5,weighted_fixed_2,a·complexity^0.3 + b·count^1.6 + c,0.17324320227132894,0.4162249419140197,0.4162249419140197,1925,"[30.167998120043645, 5.831682458827071e-17, 53.4459256228586]",15.483395483328938
BENCH-MMLU_5,weighted_fixed_1,a·complexity^0.5 + b·count^1.5 + c,0.1709009506707786,0.413401681988328,0.413401681988328,1925,"[34.86823980290094, 7.565028839283014e-16, 56.98103666083908]",15.505312665219092
BENCH-MMLU_5,aggressive_random_1,a·count^1.618 + b·complexity^0.382 + c [golden],0.16929226034091527,0.41145140702264604,0.41145140702264604,1925,"[3.702462553033174e-17, 31.3290580914407, 55.44630797727503]",15.520347756034898
BENCH-MMLU_5,simple_champion_2,a·complexity^b·count^c + d·complexity + e,0.16477179612365422,0.40592092348600517,0.40592092348600517,1925,"[1.0651636864098637e-14, 7.096215993919722e-08, 1.3972840380516407, 67.93253141741909, 59.186076003632]",15.562519019045213
BENCH-MMLU_5,count_1_4_var_1,a·count^1.4 + b·complexity + c [fixed],0.16462436681242876,0.4057392842854002,0.4057392842854002,1925,"[9.938968324145938e-15, 67.92043537792101, 59.19029302287791]",15.56389245819103
BENCH-MMLU_5,minimal_3param_1,a·count^1.42 + b·complexity + c [minimal],0.16355034845307426,0.40441358589082327,0.40441358589082327,1925,"[5.968591385031912e-15, 67.83390839270622, 59.220774367822706]",15.573894268299348
BENCH-LMARENA_SCORE,standard_complexity,a·complexity^b·count^c + d·count + e·complexity + f,0.1564883118911744,0.39558603618710136,0.39558603618710136,1535,"[-0.0001652076989651465, 2.8385723957176544e-07, 1.0000040397761727, 0.00016522515345544883, 787.9641553834139, 1204.3413801120848]",78.63247891944903
BENCH-MMLU_5,count_power_1_3,a·count^1.3 + b,0.15533565158897256,0.39412644111880324,0.39412644111880324,1925,"[1.343748308635133e-13, 60.02293237222464]",15.650182329447812
BENCH-MMLU_5,poly_hybrid_2,a·complexity^b·count^c + d·complexity² + e,0.15358152771189393,0.39189479163660024,0.39189479163660024,1925,"[1.1699283954707077e-14, 3.780204935115275e-06, 1.395155474233998, 216.1814544370898, 59.95564855368347]",15.666424355455938
BENCH-MMLU_5,random_explore_2,a·count^1.37 + b,0.1514829086420183,0.38920805315668666,0.38920805315668666,1925,"[2.2591608927544283e-14, 60.14005147536024]",15.685834082312228
BENCH-MMLU_5,aggressive_random_2,a·count^1.732 + b/(complexity+1) + c [sqrt2],0.1508135788156897,0.38834724000009274,0.38834724000009274,1925,"[2.0833772874235944e-18, -79.98310591647936, 139.45587117449753]",15.692019536360629
BENCH-MMLU_5,count_power_1_4,a·count^1.4 + b,0.14990210214634525,0.38717192840693565,0.38717192840693565,1925,"[1.0521360657845544e-14, 60.1861251152203]",15.700438814735042
BENCH-MMLU_5,ultra_simple_3,a·count^1.4,-10.733679282311153,0.38717192840693543,0.38717192840693543,1925,[4.2691899428551165e-14],58.33032905025673
BENCH-MMLU_5,count_fine_1_42,a·count^1.42 + b,0.14887149081898365,0.385838684969488,0.385838684969488,1925,"[6.321529437678243e-15, 60.21559329918456]",15.709953100588192
BENCH-LMARENA_SCORE,creative_7,a·count^b + c·(complexity/(1+complexity)) + d,0.14848022392713967,0.3853313170859953,0.3853313170859953,1535,"[0.00038102856047760427, 0.4839946350474963, 845.647553008287, 1201.971670085966]",79.00485569029343
BENCH-LMARENA_SCORE,weighted_fixed_3,a·complexity + b·count^1.5 + c·count + d,0.1481803183279481,0.38494196748074655,0.38494196748074655,1535,"[740.1661413851242, -5.2069348017172495e-15, 2.372605772786013e-09, 1207.8216619991665]",79.0187672360725
BENCH-LMARENA_SCORE,simplified_top_4,a·count^b + c·complexity + d,0.14802932324673512,0.3847457904248666,0.3847457904248666,1535,"[0.00025690713980992683, 0.4994779310904104, 750.4449601897493, 1203.2844432442669]",79.02577042978379
BENCH-LMARENA_SCORE,optimal_simplified_2,a·count^b + c·complexity + d,0.14802932321951423,0.38474579039644174,0.38474579039644174,1535,"[0.00025694791530665365, 0.49947150859289063, 750.4469066327464, 1203.2841987859028]",79.02577043104625
BENCH-MMLU_5,count_fine_1_44,a·count^1.44 + b,0.1478593147223859,0.38452479077737733,0.38452479077737733,1925,"[3.798159270128723e-15, 60.24411666992869]",15.719291593037013
BENCH-MMLU_5,count_fine_1_46,a·count^1.46 + b,0.14686539036263602,0.38323020544137165,0.38323020544137165,1925,"[2.2820503397245503e-15, 60.27173817349592]",15.728456296658374
BENCH-MMLU_5,count_fine_1_48,a·count^1.48 + b,0.14588950721357175,0.3819548497055269,0.3819548497055269,1925,"[1.371129767847281e-15, 60.29849844646559]",15.737449454599615
BENCH-MMLU_5,creative_6,a·count^b·(1 + c/(1+complexity)) + d,0.14483183063469374,0.38056777403597103,0.38056777403597103,1925,"[5.566176009773764e-16, 1.4999997625410935, 0.49999860417277353, 60.3158358186308]",15.747190572381042
BENCH-OPEN_LLM_AVERAGE,count_only_5,a·count^b,0.1410936980841423,0.38016763957947847,0.38016763957947847,1705,"[2.8099591988131967, 0.07541832263074186]",7.015366954128638
BENCH-OPEN_LLM_AVERAGE,single_count_power,a·count^b,0.1410936980841423,0.38016763957947847,0.38016763957947847,1705,"[2.8099591988131967, 0.07541832263074186]",7.015366954128638
BENCH-MMLU_5,random_new_5,a·count·count^b/(1+complexity) + c,0.14443178038558313,0.38004181399628023,0.38004181399628023,1925,"[8.569007920842543e-16, 0.4999998432660397, 60.30114732710344]",15.750873433342388
BENCH-MMLU_5,count_fine_1_52,a·count^1.52 + b,0.14399090958188132,0.3794613413536103,0.3794613413536103,1925,"[4.949825835409408e-16, 60.34958728034661]",15.754931091010231
BENCH-MMLU_5,creative_3,a·(complexity·count)^b + c·count,0.10628718456541197,0.3793914238499546,0.3793914238499546,1925,"[51.17434126364818, 0.01036714662497547, 2.2390428393465083e-10]",16.098162701595534
BENCH-MMLU_5,count_fine_1_54,a·count^1.54 + b,0.14306767107632123,0.3782428731335478,0.3782428731335478,1925,"[2.974049860873001e-16, 60.37398693899914]",15.763424948918253
BENCH-MMLU_5,count_fine_1_56,a·count^1.56 + b,0.14216143157272199,0.37704301024249465,0.37704301024249465,1925,"[1.786933935283678e-16, 60.39766773835564]",15.771757966043287
BENCH-LMARENA_SCORE,hybrid_opt_4,a·count^b + c·complexity^0.5 + d,0.1420649328046356,0.37691502066730775,0.37691502066730775,1535,"[0.001017026946008651, 0.44630269372768705, 275.3916974700089, 1184.758348548735]",79.30190581171709
BENCH-LMARENA_SCORE,simplified_top_2,a·complexity^b·count^c + d·count + e,0.1418697194972991,0.37665596968240234,0.37665596968240234,1535,"[502.26266996729214, 1.0625719666353386, 0.02364895237868755, 7.31463236311873e-10, 1215.0427429259903]",79.31092741917007
BENCH-LMARENA_SCORE,smooth_step_1,a·count^b·(complexity/(1+complexity)) + c·count + d,0.14181907723876497,0.3765887375358139,0.3765887375358139,1535,"[489.4527884649853, 0.023816683525650757, 7.27591716344205e-10, 1213.7957528115187]",79.31326763797256
BENCH-LMARENA_SCORE,poly_interaction_1,a·count + b·complexity + c·complexity·count + d,0.14164465301464613,0.3763570817915434,0.3763570817915434,1535,"[8.748727298625264e-10, 739.093528201299, -2.5569071501285835e-09, 1212.3342866647845]",79.32132739083517
BENCH-MMLU_5,count_fine_1_58,a·count^1.58 + b,0.14127189514257665,0.37586153719498444,0.37586153719498444,1925,"[1.07366983564112e-16, 60.420660799309935]",15.77993311617621
BENCH-MMLU_5,count_power_1_6,a·count^1.6 + b,0.14039875656428313,0.3746982206580159,0.3746982206580159,1925,"[6.451119225012273e-17, 60.44299564334106]",15.787953447494097
BENCH-MMLU_5,ultra_simple_4,a·count^1.6,-11.034503703254696,0.3746982206580157,0.3746982206580157,1925,[2.580116637430853e-16],59.07332443616043
BENCH-MMLU_5,random_1,a·count² + b·complexity + c,0.13976554807172692,0.37385230783255446,0.37385230783255446,1925,"[2.2626004896879406e-21, 66.29285290348668, 59.80918038270787]",15.793767321032071
BENCH-MMLU_5,random_explore_1,a·count^1.63 + b,0.13911910948654527,0.37298674170343527,0.37298674170343527,1925,"[3.0045918058286136e-17, 60.47532466057654]",15.799700461255396
BENCH-LMARENA_SCORE,hybrid_opt_3,a·count^b + c·complexity^0.4 + d,0.13762279387853849,0.37097546263674147,0.37097546263674147,1535,"[0.0007184366434409287, 0.460191056193747, 227.1063496705943, 1178.0108124463293]",79.50694188307932
BENCH-MMLU_5,random_explore_5,a·count^1.67·(1 + b/(complexity+1)) + c,0.13746208744362087,0.3707587995498165,0.3707587995498165,1925,"[9.899700986757008e-18, 0.09999993255639657, 60.51397229438778]",15.814898769355805
BENCH-MMLU_5,count_power_1_7,a·count^1.7 + b,0.13626793279682559,0.3691448669517504,0.3691448669517504,1925,"[5.052288458936439e-18, 60.54572945487513]",15.825842579789073
BENCH-LMARENA_SCORE,random_2,a·count^1.8 + b·complexity^0.4 + c·count + d,0.13515593574968843,0.36763560185282457,0.36763560185282457,1535,"[-1.6885455161894525e-18, 214.0177248154581, 1.814590921792614e-09, 1187.2021051878994]",79.62057677741676
BENCH-LMARENA_SCORE,simple_champion_2,a·complexity^b·count^c + d·complexity + e,0.13305431838489368,0.36476611463360165,0.36476611463360165,1535,"[3.1158828637354406e-14, 1.596406455457941e-06, 1.398520842266624, 661.9069007851275, 1216.6997035797183]",79.71725920871864
BENCH-LMARENA_SCORE,count_1_4_var_1,a·count^1.4 + b·complexity + c [fixed],0.13303037465901757,0.36473329250154507,0.36473329250154507,1535,"[3.000789059387777e-14, 661.8706517227617, 1216.7074081945175]",79.7183600360621
BENCH-LMARENA_SCORE,minimal_3param_1,a·count^1.42 + b·complexity + c [minimal],0.13270881721016659,0.36429221404000217,0.36429221404000217,1535,"[1.804085654110184e-14, 661.3788284887955, 1216.8101520075502]",79.73314236249392
BENCH-MMLU_5,count_power_1_8,a·count^1.8 + b,0.13249888507942598,0.3640039629996163,0.3640039629996163,1925,"[3.9572271660076914e-19, 60.63566496297987]",15.860334425214475
BENCH-LMARENA_SCORE,poly_interaction_2,a·count² + b·complexity + c·complexity·count + d·count + e,0.05845315448449606,0.3636509563257977,0.3636509563257977,1535,"[-8.667873647799006e-21, 727.8321602250676, 2.995459466187001e-10, 1.5865272319781987e-09, 1209.425799161706]",83.07634498862677
BENCH-LMARENA_SCORE,hybrid_opt_2,a·count^b + c·complexity^0.3 + d,0.13076959760924523,0.36162079255724267,0.36162079255724267,1535,"[0.00029839935480496815, 0.4950039993187567, 188.2755804050052, 1169.1664288728844]",79.82223224452486
BENCH-MMLU_5,count_power_1_9,a·count^1.9 + b,0.12905178162945963,0.3592377786779387,0.3592377786779387,1925,"[3.099809377528949e-20, 60.715155353090395]",15.891814505655336
BENCH-LMARENA_SCORE,aggressive_random_2,a·count^1.732 + b/(complexity+1) + c [sqrt2],0.1282031614818574,0.3580546906295986,0.3580546906295986,1535,"[6.430815826060483e-18, -730.0102754943939, 1947.5977999532465]",79.93998449386737
BENCH-MMLU_5,count_power_2_0,a·count^2.0 + b,0.12588925910297155,0.35480876412931456,0.35480876412931456,1925,"[2.428334067180505e-21, 60.78604319816166]",15.920640949906442
BENCH-LMARENA_SCORE,random_1,a·count² + b·complexity + c,0.12554522817594915,0.35432362068587714,0.35432362068587714,1535,"[7.053224201289745e-21, 650.3488941537278, 1218.8488419059686]",80.06175222447938
BENCH-LMARENA_SCORE,ultra_count_opt_2,a·count^1.395 + b·complexity^0.5 + c,0.12499978086677654,0.35355308069196156,0.35355308069196156,1535,"[3.4763739268826994e-14, 226.84634661890496, 1204.1610315061835]",80.08671787225445
BENCH-LMARENA_SCORE,ultra_count_opt_1,a·count^1.405 + b·complexity^0.5 + c,0.12483239251699152,0.3533162783073992,0.3533162783073992,1535,"[2.6955623885951875e-14, 226.72725815640447, 1204.2220690734064]",80.09437783746785
BENCH-LMARENA_SCORE,ultra_count_opt_3,a·count^1.415 + b·complexity^0.5 + c,0.12466653708035857,0.3530814878754744,0.3530814878754744,1535,"[2.09012574699918e-14, 226.6099990932592, 1204.2821551032457]",80.10196693158996
BENCH-LMARENA_SCORE,poly_hybrid_2,a·complexity^b·count^c + d·complexity² + e,0.12452396970757518,0.3528795399390213,0.3528795399390213,1535,"[3.384841916432768e-14, 9.695542973343376e-07, 1.3972282217625072, 4623.069595662737, 1222.1517119772946]",80.10848985257095
BENCH-LMARENA_SCORE,ultra_count_opt_4,a·count^1.425 + b·complexity^0.5 + c,0.12450221079414747,0.3528487080805986,0.3528487080805986,1535,"[1.620673923382027e-14, 226.49444087835067, 1204.3413186621372]",80.10948534691052
BENCH-LMARENA_SCORE,ultra_count_opt_5,a·count^1.435 + b·complexity^0.5 + c,0.1243394092943314,0.35261793671668434,0.35261793671668434,1535,"[1.2566639135368088e-14, 226.38057954550487, 1204.3995756033353]",80.11693330296691
BENCH-LMARENA_SCORE,weighted_optimal_1,a·count^1.45 + b·complexity^0.5 + c,0.12409805507603733,0.3522755385717798,0.3522755385717798,1535,"[8.580348111093825e-15, 226.2128292766174, 1204.4853112312605]",80.12797366939824
BENCH-LMARENA_SCORE,weighted_fixed_1,a·complexity^0.5 + b·count^1.5 + c,0.12331797643749032,0.35116659356705715,0.35116659356705715,1535,"[225.67782067362003, 2.4050825162449613e-15, 1204.7576251855164]",80.16364673198888
BENCH-LMARENA_SCORE,hybrid_opt_1,a·count^b + c·complexity^0.2 + d,0.11977495517942005,0.34608518486680345,0.34608518486680345,1535,"[5.184877943183001e-05, 0.5643399622180848, 155.4620535923754, 1157.571801055534]",80.32547001241635
BENCH-LMARENA_SCORE,random_explore_3,a·count^1.47 + b·complexity^0.35 + c,0.11732524667556166,0.34252773125042263,0.34252773125042263,1535,"[5.243380957181081e-15, 168.62909848621348, 1194.9312651166667]",80.43716716898024
BENCH-LMARENA_SCORE,count_1_4_var_5,a·count^1.4 + b·complexity^0.33 + c [fixed],0.11728691439383654,0.3424717716744503,0.3424717716744503,1535,"[3.118578379546774e-14, 163.24498862432375, 1192.7152340756618]",80.43891373908822
BENCH-LMARENA_SCORE,aggressive_random_1,a·count^1.618 + b·complexity^0.382 + c [golden],0.1168618368095401,0.34185060598094646,0.34185060598094646,1535,"[1.210942846047715e-16, 177.74408075711463, 1198.2650900734207]",80.45827941080651
BENCH-LMARENA_SCORE,random_new_1,a·count^1.55 + b·complexity^0.33 + c,0.1150074043934004,0.3391274161630121,0.3391274161630121,1535,"[6.876746212133535e-16, 161.88828897976637, 1193.658300164163]",80.54270912076537
BENCH-MMLU_5,frac_root_1,a·complexity^b·count^c + d·count^0.4,-3.3014250001565975,0.337770107965889,0.337770107965889,1925,"[-5.472394135859894e-14, 7.964985564438154e-08, 1.399145647075868, 0.008232323513987077]",35.31697493255566
BENCH-MMLU_5,ratio_optimal_3,a·(complexity/(complexity+1))·count^b + c,0.11386772213568952,0.33744291685619443,0.33744291685619443,1925,"[1.4049222883286216, 0.22030609465400164, 60.58288326830087]",16.02974441273937
BENCH-LMARENA_SCORE,weighted_optimal_2,a·count^1.5 + b·complexity^0.3 + c,0.11384519792919467,0.337409540364814,0.337409540364814,1535,"[2.4644677695030543e-15, 153.82090585167649, 1190.48145836933]",80.59557766771455
BENCH-LMARENA_SCORE,minimal_3param_4,a·count^1.5 + b·complexity^0.3 + c [minimal],0.11384519792919467,0.337409540364814,0.337409540364814,1535,"[2.4644677695030543e-15, 153.82090585167649, 1190.48145836933]",80.59557766771455
BENCH-LMARENA_SCORE,weighted_fixed_2,a·complexity^0.3 + b·count^1.6 + c,0.1124483078717089,0.33533312969599205,0.33533312969599205,1535,"[153.0163406958604, 1.938497058872787e-16, 1191.0666792128463]",80.65907607012626
BENCH-LMARENA_SCORE,count_1_4_var_4,a·count^1.4 + b·complexity^0.25 + c [fixed],0.11163388067464153,0.33411656749500157,0.33411656749500157,1535,"[3.163704826855475e-14, 141.85127847375463, 1184.1654300826322]",80.69607441233602
BENCH-LMARENA_SCORE,creative_4,a·count^b·(1 + c·complexity^d) + e,0.11070251894189365,0.33271988115967455,0.33271988115967455,1535,"[4.017793665560024e-05, 0.5668192884285521, 365944500.26357186, 8.524473845738871, 1217.5442940824557]",80.73836415397042
BENCH-MMLU_5,creative_1,a·complexity^0.5·count^1.5 + b/(count+c) + d,0.11019029911172029,0.3319492417700665,0.3319492417700665,1925,"[3.2362573858429014e-15, -12076153.981605858, -7338258.777769595, 60.99249997991484]",16.062971460744205
BENCH-LMARENA_SCORE,weighted_optimal_3,a·count^1.55 + b·complexity^0.25 + c,0.1094252415799779,0.3307948632914032,0.3307948632914032,1535,"[6.983744093073461e-16, 140.54599460783857, 1185.217045721532]",80.79632467023286
BENCH-LMARENA_SCORE,random_6,a·count^0.5·complexity^2.0 + b·count + c,0.1063084324894572,0.32604973928751696,0.32604973928751696,1535,"[0.025178842890991877, 6.508545649783908e-10, 1224.1642890750356]",80.93758556242223
BENCH-LMARENA_SCORE,minimal_3param_5,a·count^1.55 + b·complexity^0.2 + c [minimal],0.10472822089379463,0.323617398935525,0.323617398935525,1535,"[7.082339057305388e-16, 128.41980703241825, 1178.7456595349063]",81.0091102521279
BENCH-MMLU_PRO_5,creative_1,a·complexity^0.5·count^1.5 + b/(count+c) + d,0.1039903455807647,0.3224753410429531,0.3224753410429531,1125,"[-5.81577553806033e-15, -759225155818.3636, 23567710811.32651, 75.23320821097856]",16.62319211745235
BENCH-LMARENA_SCORE,simplified_top_1,a·complexity^b·count^c + d,0.10191794746533078,0.31924590440434764,0.31924590440434764,1535,"[0.00037996786375010783, 0.28790954511321254, 0.5324456866297623, 1219.143360282225]",81.1361551226205
BENCH-LMARENA_SCORE,poly_hybrid_1,a·complexity^b·count^c + d·count² + e,0.09338331137844136,0.3178423856541253,0.3178423856541253,1535,"[1.760368283673017e-05, 0.23075555842807852, 0.6554386778882008, -2.7496805682653965e-21, 1219.0902448043105]",81.52076929313348
BENCH-LMARENA_SCORE,ratio_optimal_3,a·(complexity/(complexity+1))·count^b + c,0.10060161215650021,0.3171775719632465,0.3171775719632465,1535,"[169.61676474006748, 0.08416680783183807, 1222.5175289016759]",81.1955947242754
BENCH-LMARENA_SCORE,cross_term_1,a·(complexity·count)^b + c,0.10041295370773407,0.3168800304774321,0.3168800304774321,1535,"[0.024037158263494653, 0.37862967811117093, 1217.5604778602585]",81.20411010074683
BENCH-LMARENA_SCORE,product_power,a·(complexity·count)^b + c,0.10041295275429007,0.3168800290005273,0.3168800290005273,1535,"[0.024112101529207283, 0.3784921500712808, 1217.5514935662206]",81.20411014377967
BENCH-LMARENA_SCORE,creative_1,a·complexity^0.5·count^1.5 + b/(count+c) + d,0.0999729057208606,0.31618492329841114,0.31618492329841114,1535,"[6.4818458346472145e-15, -2166119713575.8247, 29510735403.5467, 1292.7927003808566]",81.22396884396528
BENCH-LMARENA_SCORE,simplified_best_1,a·complexity^b·count^c + d·count + e·complexity (no offset),-77.00420590588902,0.31347377952684097,0.31347377952684097,1535,"[-0.0019164456030255005, 1.0508420523418314e-06, 1.000020047061973, 0.00191741623545362, 14158.347278439916]",756.1630032088043
BENCH-LMARENA_SCORE,product_simple_1,a·complexity·count + b·count + c,0.09618889415291931,0.3101433445246237,0.3101433445246237,1535,"[5.9305854801913765e-09, 6.791894212970415e-10, 1224.5024913535449]",81.39453596586524
BENCH-LMARENA_SCORE,fixed_power_8,a·complexity^0.5·count^1.0 + b·count + c,0.09540083359210205,0.30887025365370396,0.30887025365370396,1535,"[2.1849094988189766e-09, 5.551355646393532e-10, 1224.5251006175015]",81.43001342741535
BENCH-MMLU_PRO_5,simplified_top_2,a·complexity^b·count^c + d·count + e,0.09457098090817406,0.30752395176339403,0.30752395176339403,1125,"[-6.850256335252603e-14, 2.8909365959902976e-06, 1.3815209564225135, 1.1794924315315844e-09, 43.74206269619355]",16.710339919042802
BENCH-MMLU_PRO_5,standard_complexity,a·complexity^b·count^c + d·count + e·complexity + f,0.09454650946329368,0.30748416132102435,0.30748416132102435,1125,"[-6.457224909090378e-14, 2.585212206532992e-07, 1.3837457804185627, 1.1766197965512458e-09, 1.2229891820174594, 43.719817441794284]",16.710565736523034
BENCH-MMLU_PRO_5,weighted_fixed_3,a·complexity + b·count^1.5 + c·count + d,0.09291317772843821,0.30481662967830053,0.30481662967830053,1125,"[-1.414276017972801, -2.715411306777061e-15, 9.585093550790369e-10, 43.96003225423168]",16.725630894453893
BENCH-MMLU_PRO_5,count_only_3,a·count^b + c·count + d,0.09290922642400012,0.30481014816439483,0.30481014816439483,1125,"[-2.721947985528111e-15, 1.4999998850075549, 9.606923079493552e-10, 43.93076095003585]",16.725667323153985
BENCH-MMLU_PRO_5,simple_champion_4,a·complexity^b·count^c + d·count,-3.2607952961131996,0.30480097444837934,0.30480097444837934,1125,"[-4.882869583205036e-13, 9.772489909420948e-08, 1.3733621794615318, 6.605791769137464e-09]",36.24961633485126
BENCH-MMLU_PRO_5,fixed_power_1,a·complexity^0.2·count^1.4 + b·count + c,0.09276828382099023,0.30457886305682846,0.30457886305682846,1125,"[-1.0336452618030495e-13, 1.0388478185737138e-09, 43.90554884990627]",16.72696667906991
BENCH-LMARENA_SCORE,ratio_simple_2,a·(complexity/(complexity+b))·count^c + d·count + e,0.09265017872257897,0.30438491868451595,0.30438491868451595,1535,"[1.5079395939516875e-14, 1.000001747069531, 1.4999998848672027, 7.326345002659371e-10, 1224.4481160637533]",81.55372338576719
BENCH-LMARENA_SCORE,fixed_power_6,a·complexity^0.35·count^1.35 + b·count + c,0.09166638681285444,0.3027645732460367,0.3027645732460367,1535,"[1.7120089539002592e-13, 5.865287731246135e-10, 1224.7158680001942]",81.59792362439924
BENCH-MMLU_PRO_5,fixed_power_4,a·complexity^0.1·count^1.6 + b·count + c,0.09113128236037482,0.3018795825496895,0.3018795825496895,1125,"[-3.0272110058755205e-16, 8.222789793400475e-10, 44.09988007882585]",16.742050878361837
BENCH-MMLU_PRO_5,fixed_power_6,a·complexity^0.35·count^1.35 + b·count + c,0.09048494295918907,0.3008071524402123,0.3008071524402123,1125,"[-7.792302235366966e-13, 1.0321364631873886e-09, 44.0335975965024]",16.748002851278223
BENCH-LMARENA_SCORE,fixed_power_1,a·complexity^0.2·count^1.4 + b·count + c,0.08998814138367262,0.29998023498836185,0.29998023498836185,1535,"[3.343793133922989e-14, 5.303348599498439e-10, 1224.7734511925175]",81.67326937028814
BENCH-LMARENA_SCORE,count_pure_offset_1,a·count^b + c (pure),0.08856934233450109,0.2976060186464097,0.2976060186464097,1535,"[8.673223865693049e-08, 0.8199246173455543, 1221.2307053171446]",81.73691295069152
BENCH-LMARENA_SCORE,random_new_4,a·(count+complexity)^b + c,0.08856934147883,0.2976060175687126,0.2976060175687126,1535,"[8.64157728829018e-08, 0.820067641063162, 1221.2327639672992]",81.73691298905972
BENCH-LMARENA_SCORE,count_only_3,a·count^b + c·count + d,0.08853014972218054,0.2975401648890126,0.2975401648890126,1535,"[-1.7575502164445535e-15, 1.4999960917874031, 1.4495664446929923e-09, 1221.7270279744587]",81.73867032448454
BENCH-LMARENA_SCORE,fixed_power_4,a·complexity^0.1·count^1.6 + b·count + c,0.08798633453279237,0.29662490544927694,0.29662490544927694,1535,"[7.650520419979909e-17, 7.114672735934149e-10, 1224.1673855008]",81.763050781077
BENCH-MMLU_PRO_5,frac_root_2,a·complexity^b·count^c + d·count^0.6 + e,0.0878840452154489,0.29645243331004945,0.29645243331004945,1125,"[-4.913771139738607e-14, 0.29999167952772715, 1.4000021491040935, 9.947094637751501e-06, 42.69424204238202]",16.771932496767008
BENCH-LMARENA_SCORE,count_only_7,a·count + b,0.08760208755799381,0.2959764983203799,0.2959764983203799,1535,"[9.103658533812674e-10, 1223.4046255817866]",81.78027305397032
BENCH-LMARENA_SCORE,single_count_linear,a·count + b,0.08760208755799381,0.2959764983203799,0.2959764983203799,1535,"[9.103658533812674e-10, 1223.4046255817866]",81.78027305397032
BENCH-LMARENA_SCORE,cross_term_2,a·(complexity/count)^b + c·count + d,0.08760208755799359,0.2959764983203799,0.2959764983203799,1535,"[327232.18918062333, 55427.46776456199, 9.103658620903425e-10, 1223.4046254792952]",81.78027305397033
BENCH-MMLU_PRO_5,random_2,a·count^1.8 + b·complexity^0.4 + c·count + d,0.08760206679441218,0.29597646324397525,0.29597646324397525,1125,"[-9.241668088507177e-19, 0.45921881260759445, 6.814579779923706e-10, 44.28374190497019]",16.774524797428008
BENCH-MMLU_PRO_5,smooth_step_1,a·count^b·(complexity/(1+complexity)) + c·count + d,0.08714436368836909,0.29520224246113463,0.29520224246113463,1125,"[-2.4596856103837185e-14, 1.6004183443195896, 6.996010222653608e-10, 44.383412336451315]",16.778731727968356
BENCH-MMLU_PRO_5,ratio_simple_2,a·(complexity/(complexity+b))·count^c + d·count + e,0.08663451611832762,0.294337418821202,0.294337418821202,1125,"[-3.3325270445547494e-13, 0.9999990680472862, 1.5000000272564054, 7.422998409365283e-10, 44.38792080653014]",16.783416697374374
BENCH-LMARENA_SCORE,smooth_step_2,a·count^b/(1+complexity) + c,0.0855062552317708,0.2924145268346667,0.2924145268346667,1535,"[3.141613799979945e-08, 0.8607473864162792, 1221.8949376629987]",81.87414625488395
BENCH-LMARENA_SCORE,count_power_1_3,a·count^1.3 + b,0.08423621651442126,0.29023476103737383,0.29023476103737383,1535,"[4.526012503451882e-13, 1225.7283331659148]",81.93097948015847
BENCH-LMARENA_SCORE,random_explore_2,a·count^1.37 + b,0.0834289612862038,0.28884071957776986,0.28884071957776986,1535,"[7.662233598924496e-14, 1226.11850595641]",81.96708302757544
BENCH-LMARENA_SCORE,ultra_simple_3,a·count^1.4,-172.5628884254273,0.28825689588091846,0.28825689588091846,1535,[6.850843840224121e-13],1127.9370159848434
BENCH-LMARENA_SCORE,count_power_1_4,a·count^1.4 + b,0.08309203802290233,0.28825689588091824,0.28825689588091824,1535,"[3.578809707381048e-14, 1226.272801133421]",81.98214682432005
BENCH-LMARENA_SCORE,count_fine_1_42,a·count^1.42 + b,0.08287102490179377,0.2878732792424365,0.2878732792424365,1535,"[2.1543580839158877e-14, 1226.3717141136863]",81.99202679000958
BENCH-LMARENA_SCORE,count_fine_1_44,a·count^1.44 + b,0.08265310851966712,0.2874945365040304,0.2874945365040304,1535,"[1.296851536661751e-14, 1226.4676187717448]",82.00176715646661
BENCH-LMARENA_SCORE,count_fine_1_46,a·count^1.46 + b,0.08243844447693871,0.28712095792007053,0.28712095792007053,1535,"[7.806497714577709e-15, 1226.5606391517847]",82.01136101967346
BENCH-LMARENA_SCORE,count_fine_1_48,a·count^1.48 + b,0.08222716533471941,0.2867527948158823,0.2867527948158823,1535,"[4.699117647646412e-15, 1226.6508927543268]",82.0208025075861
BENCH-LMARENA_SCORE,count_only_1,a·count^b + c,0.08201938879357351,0.28639027356663826,0.28639027356663826,1535,"[2.8286390862889493e-15, 1.4999993950383068, 1226.7384910426492]",82.03008641400007
BENCH-LMARENA_SCORE,count_fine_1_52,a·count^1.52 + b,0.08181518834096047,0.28603354408348797,0.28603354408348797,1535,"[1.7026303888603924e-15, 1226.8235467056857]",82.03920950938512
BENCH-LMARENA_SCORE,count_fine_1_54,a·count^1.54 + b,0.08161465723230121,0.28568279127784657,0.28568279127784657,1535,"[1.0248612352289322e-15, 1226.9061573246013]",82.0481676816836
BENCH-LMARENA_SCORE,creative_6,a·count^b·(1 + c/(1+complexity)) + d,0.08149909427310553,0.2854804621565296,0.2854804621565296,1535,"[1.9059800019286543e-15, 1.4999998168877635, 0.4999853154256571, 1226.7302128139638]",82.05332969285314
BENCH-LMARENA_SCORE,count_fine_1_56,a·count^1.56 + b,0.08141784772398164,0.28533812875951536,0.28533812875951536,1535,"[6.168866152617279e-16, 1226.9864205577026]",82.05695865087768
BENCH-LMARENA_SCORE,count_fine_1_58,a·count^1.58 + b,0.08122480365837503,0.28499965554080076,0.28499965554080076,1535,"[3.713140949576199e-16, 1227.0644310124687]",82.06558051268618
BENCH-LMARENA_SCORE,count_power_1_6,a·count^1.6 + b,0.08103555555442443,0.28466744730373467,0.28466744730373467,1535,"[2.2349794655565353e-16, 1227.1402784292766]",82.07403195755795
BENCH-LMARENA_SCORE,ultra_simple_4,a·count^1.6,-176.56003819835655,0.28466744730373467,0.28466744730373467,1535,[4.130092646769968e-15],1140.8512686845072
BENCH-LMARENA_SCORE,random_explore_1,a·count^1.63 + b,0.08075883808585571,0.28418099529323854,0.28418099529323854,1535,"[1.0436737420148644e-16, 1227.2501766680698]",82.08638804437497
BENCH-LMARENA_SCORE,random_new_5,a·count·count^b/(1+complexity) + c,0.08030861139569268,0.28338774037648995,0.28338774037648995,1535,"[2.917409811763793e-15, 0.499999727369592, 1226.7278730526984]",82.10648775279154
BENCH-LMARENA_SCORE,random_explore_5,a·count^1.67·(1 + b/(complexity+1)) + c,0.08028434079726543,0.28334491489572505,0.28334491489572505,1535,"[3.4482919902038556e-17, 0.09999957422517697, 1227.3861500992587]",82.1075711381913
BENCH-LMARENA_SCORE,count_power_1_7,a·count^1.7 + b,0.08014653642554503,0.2831016362113531,0.2831016362113531,1535,"[1.765554633372899e-17, 1227.489903774186]",82.11372214711395
BENCH-LMARENA_SCORE,count_power_1_8,a·count^1.8 + b,0.07935123051629456,0.28169350456887493,0.28169350456887493,1535,"[1.3944754130171939e-18, 1227.796703470124]",82.14921226664815
BENCH-LMARENA_SCORE,count_power_1_9,a·count^1.9 + b,0.07864433482606126,0.2804359727746449,0.2804359727746449,1535,"[1.1012053285348942e-19, 1228.0681400084125]",82.18074425976829
BENCH-LMARENA_SCORE,count_power_2_0,a·count^2.0 + b,0.07801825023262199,0.27931747212199654,0.27931747212199654,1535,"[8.6946563998267e-21, 1228.3102063078322]",82.20866147025461
BENCH-LMARENA_SCORE,single_complexity_linear,a·complexity + b,0.07704166595553386,0.27756380519717283,0.27756380519717283,1535,"[804.8085588413431, 1223.2464164201272]",82.25218859968132
BENCH-LMARENA_SCORE,complexity_only_3,a·complexity + b,0.07704166595553386,0.27756380519717283,0.27756380519717283,1535,"[804.8085588413431, 1223.2464164201272]",82.25218859968132
BENCH-MMLU_5,ratio_optimal_1,a·(complexity/(complexity+10))·count^1.4 + b,0.07367873118565293,0.271438264041113,0.271438264041113,1925,"[1.1616090653461685e-12, 61.86877660156952]",16.3892144348493
BENCH-MMLU_5,ratio_ultra_simple,a·(complexity/(complexity+1))·count^b + c,0.07251793872817536,0.26929154967836516,0.26929154967836516,1925,"[9.834768672185947e-15, 1.4999998810306518, 61.88384840927145]",16.399480052664504
BENCH-MMLU_5,ratio_simple_1,a·(complexity/(complexity+b))·count^c + d,-924.2322895389779,0.26929154605641764,0.26929154605641764,1925,"[1.1027765580860684e-12, 0.9999999651174607, 1.4999999902254664, 60.11006101562921]",517.9677377298069
BENCH-MMLU_5,ratio_optimal_2,a·(complexity/(complexity+b))·count^1.5 + c,0.07176646607309545,0.26789263907971683,0.26789263907971683,1925,"[9.013197807263355e-14, 9.999733589466729, 61.896278111266476]",16.4061223728106
BENCH-MMLU_PRO_5,hybrid_opt_3,a·count^b + c·complexity^0.4 + d,0.07084308041522858,0.26616363552547717,0.26616363552547717,1125,"[0.00015384585679973078, 0.4606731976913736, 2.0883687400849387, 43.4447406899585]",16.927881582705226
BENCH-MMLU_PRO_5,random_new_5,a·count·count^b/(1+complexity) + c,0.0708361546553764,0.2661506242067635,0.2661506242067635,1125,"[0.00012349997496997357, -0.5308494617462202, 43.87818056708551]",16.927944671200674
BENCH-MMLU_PRO_5,hybrid_opt_4,a·count^b + c·complexity^0.5 + d,0.07083421317267169,0.26614697721480024,0.26614697721480024,1125,"[0.00015219876945242976, 0.46108447277628545, 2.30071012771668, 43.53928620748788]",16.927962356614714
BENCH-MMLU_PRO_5,creative_6,a·count^b·(1 + c/(1+complexity)) + d,0.07083041647924071,0.2661398439444607,0.2661398439444607,1125,"[1.1252430764393758e-05, 0.4691974666963792, 9.95652868413836, 43.87878646186054]",16.927996941518042
BENCH-MMLU_PRO_5,hybrid_opt_2,a·count^b + c·complexity^0.3 + d,0.07081943439897731,0.2661192135405385,0.2661192135405385,1125,"[0.00014663243904503563, 0.4624610846480082, 1.4901472768560804, 43.43564860195449]",16.928096979269544
BENCH-MMLU_PRO_5,optimal_simplified_2,a·count^b + c·complexity + d,0.07078854155965353,0.26606116131381075,0.26606116131381075,1125,"[0.00011250911623453304, 0.4723944427307755, -3.03715475806617, 43.97487777587606]",16.928378384548953
BENCH-MMLU_PRO_5,simplified_top_4,a·count^b + c·complexity + d,0.07078854131925649,0.2660611610538645,0.2660611610538645,1125,"[0.00011257702358873581, 0.4723695989938463, -3.0346087592852795, 43.97462556801359]",16.928378386738732
BENCH-MMLU_PRO_5,creative_7,a·count^b + c·(complexity/(1+complexity)) + d,0.07078105378252941,0.2660470981733685,0.2660470981733685,1125,"[0.00011472655903963479, 0.47166608364663815, -2.510484199972294, 43.95349256214554]",16.92844659058963
BENCH-MMLU_PRO_5,hybrid_opt_1,a·count^b + c·complexity^0.2 + d,0.07077460101507049,0.2660349620794563,0.2660349620794563,1125,"[0.00012703473110900314, 0.4678543662800797, 0.2709558199638953, 43.76223260017188]",16.928505368523556
BENCH-MMLU_PRO_5,count_pure_offset_1,a·count^b + c (pure),0.07077278526521935,0.26603154937943013,0.26603154937943013,1125,"[0.00012322691573968784, 0.46900159555781706, 43.87953172605443]",16.92852190806075
BENCH-MMLU_PRO_5,count_only_1,a·count^b + c,0.07077278437617396,0.2660315478120798,0.2660315478120798,1125,"[0.00012305408462139663, 0.4690565365565722, 43.87997531906805]",16.928521916158996
BENCH-MMLU_PRO_5,random_new_4,a·(count+complexity)^b + c,0.07077278313390889,0.2660315453973433,0.2660315453973433,1125,"[0.0001229390059219441, 0.46909408908888733, 43.8802770204347]",16.928521927474694
BENCH-LMARENA_SCORE,complexity_power_06,a·complexity^0.6 + b,0.07028158555996944,0.2651067437089625,0.2651067437089625,1535,"[343.0128346688227, 1212.9853906801447]",82.55286142264225
BENCH-MMLU_5,ratio_with_linear,a·(complexity/(complexity+1))·count^b + c·count + d,-101.02141232224898,-0.2598617478780525,0.2598617478780525,1925,"[-3.5980282982346883e-13, 1.4999999959495278, 2.4313037325605913e-10, 59.173802137799186]",171.9978369787595
BENCH-MMLU_PRO_5,simplified_best_1,a·complexity^b·count^c + d·count + e·complexity (no offset),-2.287799483391104,0.25167334091069704,0.25167334091069704,1125,"[-5.601062510980947e-13, 1.9445568091303675e-07, 1.36637519168879, 6.3379701616041634e-09, 592.2041930250541]",31.842762744253662
BENCH-MMLU_PRO_5,frac_root_1,a·complexity^b·count^c + d·count^0.4,-1.6379652459914542,0.25079095327006423,0.25079095327006423,1125,"[-1.6705642434675802e-13, 7.770696756899807e-08, 1.3483628782507788, 0.006210823036964205]",28.52283005751042
BENCH-MMLU_PRO_5,product_power,a·(complexity·count)^b + c,0.06200251767330911,0.24900304752145627,0.24900304752145627,1125,"[0.002760253792196409, 0.4307806181905873, 44.17203688748194]",17.008222001822823
BENCH-MMLU_PRO_5,cross_term_1,a·(complexity·count)^b + c,0.06200251484797359,0.2490030419081352,0.2490030419081352,1125,"[0.0027644494440701487, 0.43070465799004776, 44.17136359602057]",17.008222027437995
BENCH-LMARENA_SCORE,complexity_power_04,a·complexity^0.4 + b,0.061428678349916166,0.24784809531226307,0.24784809531226307,1535,"[232.1625643085747, 1200.2728359762077]",82.94497008275057
BENCH-LMARENA_SCORE,ratio_optimal_1,a·(complexity/(complexity+10))·count^1.4 + b,0.059406262852927605,0.2437340001988394,0.2437340001988394,1535,"[4.702967702680205e-12, 1232.6626080234971]",83.03428611050835
BENCH-LMARENA_SCORE,ratio_with_linear,a·(complexity/(complexity+1))·count^b + c·count + d,-384.9217738595681,0.24358004940963188,0.24358004940963188,1535,"[3.181446146227596e-12, 1.4999999853211858, 7.184315838635116e-10, 1222.4136110591771]",1681.9227926375374
BENCH-LMARENA_SCORE,ratio_ultra_simple,a·(complexity/(complexity+1))·count^b + c,0.0585013960909323,0.2418706184945428,0.2418706184945428,1535,"[3.982587793951309e-14, 1.49999956853533, 1232.7364583428941]",83.0742166889595
BENCH-LMARENA_SCORE,ratio_simple_1,a·(complexity/(complexity+b))·count^c + d,0.05850139472060534,0.24187061566177426,0.24187061566177426,1535,"[3.982545420467782e-14, 0.9999957474464334, 1.4999998340799456, 1232.7364583683325]",83.0742167494157
BENCH-LMARENA_SCORE,ratio_optimal_2,a·(complexity/(complexity+b))·count^1.5 + c,0.05810702680409463,0.2410539914709872,0.2410539914709872,1535,"[3.656240496438915e-13, 9.99970732323496, 1232.7918469192402]",83.09161368211142
BENCH-MMLU_5,complexity_power_04,a·complexity^0.4 + b,0.05777636618272641,0.24036714871780301,0.24036714871780301,1925,"[43.900260286364556, 55.94557370377216]",16.529294457080518
BENCH-MMLU_5,single_count_power,a·count^b,0.057221287901686124,0.23968166977879285,0.23968166977879285,1925,"[42.80961615768834, 0.018619954196329513]",16.5341625696665
BENCH-MMLU_5,count_only_5,a·count^b,0.057221287901686124,0.23968166977879285,0.23968166977879285,1925,"[42.80961615768834, 0.018619954196329513]",16.5341625696665
BENCH-MMLU_PRO_5,poly_interaction_1,a·count + b·complexity + c·complexity·count + d,0.05722342087537091,0.23921417365066608,0.23921417365066608,1125,"[4.297630020242727e-10, -27.276845517672843, -4.5939164759005006e-08, 46.69281625243893]",17.051495394527517
BENCH-MMLU_PRO_5,fixed_power_8,a·complexity^0.5·count^1.0 + b·count + c,0.05612228202990133,0.2369014183788301,0.2369014183788301,1125,"[-6.996278703228413e-09, 7.0046602290385e-10, 46.14480142158856]",17.061450343068383
BENCH-MMLU_PRO_5,product_simple_1,a·complexity·count + b·count + c,0.05571337818784805,0.23603681532305112,0.23603681532305112,1125,"[-5.0658000425232386e-08, 4.629495162426845e-10, 46.22188752810359]",17.065145597783776
BENCH-MMLU_PRO_5,poly_interaction_2,a·count² + b·complexity + c·complexity·count + d·count + e,-0.27849017518966845,0.22586608202545375,0.22586608202545375,1125,"[-4.538887479784119e-21, -8.759015184317434, -1.5642506468553518e-08, 6.475777636918083e-10, 44.76603092388996]",19.8566864022933
BENCH-MMLU_PRO_5,random_6,a·count^0.5·complexity^2.0 + b·count + c,0.04995248164167032,0.2235005182134267,0.2235005182134267,1125,"[-0.015636736004550733, 1.632868456977809e-10, 46.53520495329709]",17.11712189855531
BENCH-MMLU_PRO_5,count_only_7,a·count + b,0.04959829929428927,0.22270675628343506,0.22270675628343506,1125,"[1.620229936179932e-10, 46.48552934294243]",17.120312274490477
BENCH-MMLU_PRO_5,cross_term_2,a·(complexity/count)^b + c·count + d,0.04959829929428927,0.22270675628343506,0.22270675628343506,1125,"[1724.0634866421292, 286.95282735941305, 1.6202299032399626e-10, 46.48552939064776]",17.120312274490477
BENCH-MMLU_PRO_5,single_count_linear,a·count + b,0.04959829929428927,0.22270675628343506,0.22270675628343506,1125,"[1.620229936179932e-10, 46.48552934294243]",17.120312274490477
BENCH-MMLU_PRO_5,ratio_optimal_3,a·(complexity/(complexity+1))·count^b + c,0.049126507203340886,0.22164500274367768,0.22164500274367768,1125,"[0.0001044069847094285, 0.6706969585055228, 46.02787913081389]",17.12456112303392
BENCH-MMLU_5,complexity_power_06,a·complexity^0.6 + b,0.048828505083747364,0.2209717291504672,0.2209717291504672,1925,"[55.852261998579664, 58.917948777070634]",16.607594525269292
BENCH-LMARENA_SCORE,simple_champion_4,a·complexity^b·count^c + d·count,-116.84204715594367,0.21589790962280997,0.21589790962280997,1535,"[-4.697389305241406e-12, 6.637552738755358e-07, 1.4009545932753553, 1.324061540048587e-07]",929.4083159493792
BENCH-MMLU_PRO_5,simple_champion_2,a·complexity^b·count^c + d·complexity + e,0.04117864593119225,0.2029252225111319,0.2029252225111319,1125,"[3.222905859992179e-14, 2.003322458863577e-06, 1.3303747983629637, -44.36289747421739, 47.81993843550792]",17.195979884086288
BENCH-MMLU_PRO_5,count_1_4_var_1,a·count^1.4 + b·complexity + c [fixed],0.039383058435194185,0.19845165263911071,0.19845165263911071,1125,"[5.4067720719059634e-15, -45.49354173497035, 47.92403131399617]",17.212073833205068
BENCH-MMLU_PRO_5,poly_hybrid_2,a·complexity^b·count^c + d·complexity² + e,0.039249399081638714,0.19811461097465727,0.19811461097465727,1125,"[3.152595470655608e-14, 8.325965184597921e-06, 1.3321759217528892, -226.22072699055164, 47.36744935484705]",17.213271227579277
BENCH-MMLU_PRO_5,ultra_count_opt_2,a·count^1.395 + b·complexity^0.5 + c,0.03890096505291052,0.19723327572423113,0.19723327572423113,1125,"[6.190641844323166e-15, -15.661852624637245, 48.76567643937033]",17.216392300696967
BENCH-MMLU_PRO_5,minimal_3param_1,a·count^1.42 + b·complexity + c [minimal],0.03890003679342491,0.19723092250817303,0.19723092250817303,1125,"[3.2381900649633486e-15, -45.79221532954867, 47.95155520080759]",17.216400614759838
BENCH-MMLU_PRO_5,ultra_count_opt_1,a·count^1.405 + b·complexity^0.5 + c,0.038654760688206724,0.1966081399337446,0.1966081399337446,1125,"[4.79103738361565e-15, -15.720537128501762, 48.78318147845854]",17.21859731773982
BENCH-MMLU_PRO_5,count_1_4_var_5,a·count^1.4 + b·complexity^0.33 + c [fixed],0.0385039385226279,0.19622420473180163,0.19622420473180163,1125,"[5.487685324837811e-15, -11.779987830775388, 49.65572581425111]",17.21994794817985
BENCH-MMLU_PRO_5,ultra_count_opt_3,a·count^1.415 + b·complexity^0.5 + c,0.038412125788179874,0.19599011655739193,0.19599011655739193,1125,"[3.7079318273075625e-15, -15.778099291390257, 48.80036531538353]",17.22077009027219
BENCH-MMLU_PRO_5,count_1_4_var_4,a·count^1.4 + b·complexity^0.25 + c [fixed],0.038373632346696884,0.19589188943572114,0.19589188943572114,1125,"[5.5163273363930155e-15, -10.795434710962112, 50.43103947709473]",17.221114770196746
BENCH-MMLU_PRO_5,ultra_count_opt_4,a·count^1.425 + b·complexity^0.5 + c,0.03817301742005508,0.19537916321874027,0.19537916321874027,1125,"[2.8697383828348528e-15, -15.834566911190906, 48.817235299296456]",17.222911014884478
BENCH-MMLU_PRO_5,count_power_1_3,a·count^1.3 + b,0.03794123069889832,0.1947850884921593,0.1947850884921593,1125,"[7.373499578999673e-14, 47.089649324267896]",17.224986129051445
BENCH-MMLU_PRO_5,ultra_count_opt_5,a·count^1.435 + b·complexity^0.5 + c,0.03793739230248927,0.19477523534189184,0.19477523534189184,1125,"[2.2210651294793736e-15, -15.889967268173724, 48.83379872646924]",17.225020490912208
BENCH-MMLU_PRO_5,weighted_optimal_1,a·count^1.45 + b·complexity^0.5 + c,0.03759039035191947,0.19388241372522552,0.19388241372522552,1125,"[1.5123617170661629e-15, -15.971115710380083, 48.85808362452043]",17.228126617682804
BENCH-MMLU_PRO_5,simplified_top_1,a·complexity^b·count^c + d,0.036936862364988166,0.19218965207572736,0.19218965207572736,1125,"[3.22145106479893e-14, 2.918963902907176e-06, 1.3323002841151135, 47.1362146764669]",17.233975038181352
BENCH-MMLU_PRO_5,random_explore_3,a·count^1.47 + b·complexity^0.35 + c,0.036880553931628035,0.19204310435844404,0.19204310435844404,1125,"[9.12210437358749e-16, -12.402647637215434, 49.64289300021051]",17.234478849360933
BENCH-MMLU_PRO_5,weighted_fixed_1,a·complexity^0.5 + b·count^1.5 + c,0.036487707181619755,0.19101755726011124,0.19101755726011124,1125,"[-16.22564516593021, 4.201875329835541e-16, 48.93444215906263]",17.23799337643585
BENCH-MMLU_PRO_5,minimal_3param_4,a·count^1.5 + b·complexity^0.3 + c [minimal],0.036132551131062174,0.1900856415699575,0.1900856415699575,1125,"[4.243819842767173e-16, -11.715877830413389, 50.10080320363958]",17.241170094381957
BENCH-MMLU_PRO_5,weighted_optimal_2,a·count^1.5 + b·complexity^0.3 + c,0.036132551131062174,0.1900856415699575,0.1900856415699575,1125,"[4.243819842767173e-16, -11.715877830413389, 50.10080320363958]",17.241170094381957
BENCH-MMLU_PRO_5,random_explore_2,a·count^1.37 + b,0.03582200171703653,0.18926701169785662,0.18926701169785662,1125,"[1.2257059130036987e-14, 47.18716877540269]",17.24394734558702
BENCH-MMLU_PRO_5,poly_hybrid_1,a·complexity^b·count^c + d·count² + e,-1.250734203711536,0.18881665395693573,0.18881665395693573,1125,"[7.029913716807851e-14, 1.9020273078876543e-06, 1.3758894984250256, -8.655625905201879e-21, 45.61081137943392]",26.346333500381085
BENCH-MMLU_PRO_5,random_new_1,a·count^1.55 + b·complexity^0.33 + c,0.035150004446364846,0.1874833444505535,0.1874833444505535,1125,"[1.1777028597359447e-16, -12.338520387434183, 49.92614405651825]",17.24995550341227
BENCH-MMLU_PRO_5,weighted_optimal_3,a·count^1.55 + b·complexity^0.25 + c,0.03498696670960555,0.1870480331615539,0.1870480331615539,1125,"[1.1843129471799342e-16, -11.279422332383522, 50.73073550326192]",17.251412867209652
BENCH-MMLU_PRO_5,ultra_simple_3,a·count^1.4,-6.07624238441514,0.18702252282257553,0.18702252282257553,1125,[3.5244584626305745e-14],46.71533093799264
BENCH-MMLU_PRO_5,count_power_1_4,a·count^1.4 + b,0.03497742404292081,0.18702252282257553,0.18702252282257553,1125,"[5.6820990715754735e-15, 47.22529203490189]",17.25149816350627
BENCH-MMLU_5,single_complexity_linear,a·complexity + b,0.03490505392891263,0.18682894296364425,0.18682894296364425,1925,"[102.98793921326293, 60.998056701520106]",16.72870567764435
BENCH-MMLU_5,complexity_only_3,a·complexity + b,0.03490505392891263,0.18682894296364425,0.18682894296364425,1925,"[102.98793921326293, 60.998056701520106]",16.72870567764435
BENCH-MMLU_PRO_5,minimal_3param_5,a·count^1.55 + b·complexity^0.2 + c [minimal],0.03484926060741911,0.18667956665746532,0.18667956665746532,1125,"[1.189707293652673e-16, -10.899511230432047, 51.4674755855951]",17.252643700368175
BENCH-MMLU_PRO_5,creative_4,a·count^b·(1 + c·complexity^d) + e,0.03445136732331466,0.18578453166232017,0.18578453166232017,1125,"[2.703342985428732e-13, 1.4992686964209718, -1.0020364030801647, 0.0007168173769485277, 47.25292803478947]",17.25619962350805
BENCH-MMLU_PRO_5,count_fine_1_42,a·count^1.42 + b,0.03443464838114452,0.1855657521773471,0.1855657521773471,1125,"[3.40377237242513e-15, 47.24958850032336]",17.256349022587976
BENCH-MMLU_PRO_5,weighted_fixed_2,a·complexity^0.3 + b·count^1.6 + c,0.034126595297213624,0.18473384989550162,0.18473384989550162,1125,"[-12.02092135614151, 3.282401783728192e-17, 50.26374564885293]",17.259101527946527
BENCH-MMLU_PRO_5,aggressive_random_1,a·count^1.618 + b·complexity^0.382 + c [golden],0.03396043140093874,0.18428356248167885,0.18428356248167885,1125,"[2.0607577061491084e-17, -13.552706625072684, 49.65785561264088]",17.260586047662382
BENCH-MMLU_PRO_5,count_fine_1_44,a·count^1.44 + b,0.03390763398805596,0.18414025629409803,0.18414025629409803,1125,"[2.039118609102759e-15, 47.273034433665444]",17.26105771666358
BENCH-MMLU_PRO_5,count_fine_1_46,a·count^1.46 + b,0.03339598113778164,0.18274567337636646,0.18274567337636646,1125,"[1.2216738747069667e-15, 47.29566648409873]",17.26562793202965
BENCH-MMLU_PRO_5,aggressive_random_2,a·count^1.732 + b/(complexity+1) + c [sqrt2],0.033113992452555085,0.18197250466088333,0.18197250466088333,1125,"[1.0984711597632682e-18, 56.306507662672814, -7.973774511444215]",17.268146210760133
BENCH-MMLU_PRO_5,count_fine_1_48,a·count^1.48 + b,0.03289928727098956,0.18138160676041457,0.18138160676041457,1125,"[7.319804408985467e-16, 47.317519196913686]",17.270063372988997
BENCH-MMLU_PRO_5,smooth_step_2,a·count^b/(1+complexity) + c,0.03243417315725139,0.18009490041989473,0.18009490041989473,1125,"[4.413608600134146e-16, 1.4999996064257963, 47.337921322792006]",17.27421577643549
BENCH-MMLU_PRO_5,count_fine_1_52,a·count^1.52 + b,0.03194916271792703,0.17874328719682667,0.17874328719682667,1125,"[2.6283514119577216e-16, 47.35901804331657]",17.27854474563025
BENCH-MMLU_PRO_5,count_fine_1_54,a·count^1.54 + b,0.03149492793990216,0.17746810400717689,0.17746810400717689,1125,"[1.5751567243167506e-16, 47.37872581182668]",17.28259804281702
BENCH-MMLU_PRO_5,ratio_optimal_1,a·(complexity/(complexity+10))·count^1.4 + b,0.03130165389123807,0.17692273424079272,0.17692273424079272,1125,"[8.912305095867785e-12, 47.377024066249795]",17.284322407078196
BENCH-MMLU_PRO_5,count_fine_1_56,a·count^1.56 + b,0.031054046551513448,0.17622158367099547,0.17622158367099547,1125,"[9.440533783379061e-17, 47.39777802049764]",17.28653127408978
BENCH-LMARENA_SCORE,complexity_cube,a·complexity³ + b,0.030750607659776663,0.1753585117973373,0.1753585117973373,1535,"[23133.069070817393, 1234.1287563401193]",84.28963699757685
BENCH-MMLU_PRO_5,count_fine_1_58,a·count^1.58 + b,0.030626124826929058,0.175003213761717,0.175003213761717,1125,"[5.65850665866996e-17, 47.416202117948174]",17.290348032755077
BENCH-MMLU_PRO_5,count_power_1_6,a·count^1.6 + b,0.03021077412646811,0.17381246827103083,0.17381246827103083,1125,"[3.391873317142196e-17, 47.434024245769834]",17.294051861194774
BENCH-MMLU_PRO_5,ultra_simple_4,a·count^1.6,-6.292276944938101,0.1738124682710308,0.1738124682710308,1125,[2.1312890080909879e-16],47.4230690452728
BENCH-MMLU_PRO_5,random_1,a·count² + b·complexity + c,0.029631825051269156,0.17213897017023544,0.17213897017023544,1125,"[1.1706745141779817e-21, -51.208972035866445, 48.4538718654221]",17.29921323090388
BENCH-MMLU_PRO_5,random_explore_1,a·count^1.63 + b,0.02961048314642989,0.17207696866934277,0.17207696866934277,1125,"[1.5743708480415012e-17, 47.45968326098557]",17.299403465982756
BENCH-MMLU_PRO_5,ratio_simple_1,a·(complexity/(complexity+b))·count^c + d,0.029362766699470022,0.17135567308808444,0.17135567308808444,1125,"[6.959846173852756e-14, 1.000000581705724, 1.4999994776116026, 47.46448561632563]",17.30161138003986
BENCH-MMLU_PRO_5,ratio_ultra_simple,a·(complexity/(complexity+1))·count^b + c,0.02936276042757391,0.17135565478726936,0.17135565478726936,1125,"[6.959781633197997e-14, 1.4999998208374286, 47.46448580735924]",17.301611435938142
BENCH-MMLU_PRO_5,ratio_optimal_2,a·(complexity/(complexity+b))·count^1.5 + c,0.029347410098492066,0.17131085808696475,0.17131085808696475,1125,"[6.919936132158484e-13, 9.999526966148123, 47.46472954174896]",17.301748245226065
BENCH-MMLU_PRO_5,random_explore_5,a·count^1.67·(1 + b/(complexity+1)) + c,0.028851725254643523,0.1698579561122867,0.1698579561122867,1125,"[5.1477797241312995e-18, 0.1000206770162147, 47.49196518668571]",17.30616543827658
BENCH-MMLU_PRO_5,count_power_1_7,a·count^1.7 + b,0.02830942599938191,0.16825405195531562,0.16825405195531562,1125,"[2.6279151367572852e-18, 47.5149423822258]",17.31099673492364
BENCH-MMLU_PRO_5,count_power_1_8,a·count^1.8 + b,0.026668016745444834,0.16330344988837506,0.16330344988837506,1125,"[2.0396777983322008e-19, 47.58411763770577]",17.325611696460832
BENCH-MMLU_PRO_5,count_power_1_9,a·count^1.9 + b,0.025246512025362655,0.15889151023689968,0.15889151023689968,1125,"[1.5857547056465954e-20, 47.64372586048977]",17.338258693387388
BENCH-OPEN_LLM_AVERAGE,single_complexity_linear,a·complexity + b,0.024835909107307153,0.15759412776911078,0.15759412776911078,1705,"[-35.4508800107842, 13.54842744714949]",7.475088664939495
BENCH-OPEN_LLM_AVERAGE,complexity_only_3,a·complexity + b,0.024835909107307153,0.15759412776911078,0.15759412776911078,1705,"[-35.4508800107842, 13.54842744714949]",7.475088664939495
BENCH-MMLU_PRO_5,count_power_2_0,a·count^2.0 + b,0.024010209747082567,0.15495228216158327,0.15495228216158327,1125,"[1.2347116408782462e-21, 47.69550273576626]",17.34925046544312
BENCH-MMLU_PRO_5,count_only_5,a·count^b,0.023459922038050363,0.15334139358557144,0.15334139358557144,1125,"[35.59286880008961, 0.015042977272830252]",17.35414074915586
BENCH-MMLU_PRO_5,single_count_power,a·count^b,0.023459922038050363,0.15334139358557144,0.15334139358557144,1125,"[35.59286880008961, 0.015042977272830252]",17.35414074915586
BENCH-MMLU_PRO_5,ratio_with_linear,a·(complexity/(complexity+1))·count^b + c·count + d,-12.639841538520043,-0.15078212789879994,0.15078212789879994,1125,"[-1.7281074778086568e-12, 1.4999999939217403, 8.205651326064108e-10, 44.258466932682516]",64.85787897811201
BENCH-OPEN_LLM_AVERAGE,complexity_power_06,a·complexity^0.6 + b,0.02210164447835472,0.14866621834954502,0.14866621834954502,1705,"[-16.539331998753152, 14.058455025469236]",7.485561037552717
BENCH-MMLU_PRO_5,creative_3,a·(complexity·count)^b + c·count,-0.029026560440846616,0.1380138770459412,0.1380138770459412,1125,"[41.9352679464076, 0.006934879943604657, 1.3755519481360153e-10]",17.81440706405316
BENCH-LMARENA_SCORE,frac_root_1,a·complexity^b·count^c + d·count^0.4,-63.351666353264406,0.13794310503020915,0.13794310503020915,1535,"[-1.0971853834670252e-12, 1.2309977215866654e-06, 1.3992573310872614, 0.15116558743716801]",686.8095311354132
BENCH-OPEN_LLM_AVERAGE,complexity_power_04,a·complexity^0.4 + b,0.017626502738268157,0.13276483999263242,0.13276483999263242,1705,"[-10.919229818368402, 14.615367407346744]",7.502669517548863
BENCH-OPEN_LLM_AVERAGE,complexity_cube,a·complexity³ + b,0.01448493949080909,0.12035339418067495,0.12035339418067495,1705,"[-743.5261261256071, 13.147197088765505]",7.514656453805766
BENCH-LMARENA_SCORE,single_count_power,a·count^b,0.013608131759914044,0.11665947717638453,0.11665947717638453,1535,"[1184.0994998304643, 0.002113411757570093]",85.03175768829469
BENCH-LMARENA_SCORE,count_only_5,a·count^b,0.013608131759914044,0.11665947717638453,0.11665947717638453,1535,"[1184.0994998304643, 0.002113411757570093]",85.03175768829469
BENCH-MMLU_5,single_complexity_power,a·complexity^b,-11.325050077254225,0.09933446112485572,0.09933446112485572,1925,"[5.460774701225829, 6.440738612784608e-09]",59.78216871875027
BENCH-MMLU_5,complexity_only_1,a·complexity^b + c,-10.580391935879659,0.09933445023623108,0.09933445023623108,1925,"[5.3052605347229225, 2.728576043027695e-09, 2.0697121795187994]",57.94806635693189
BENCH-MMLU_PRO_5,complexity_only_3,a·complexity + b,0.008292725132676204,0.09106440101750085,0.09106440101750085,1125,"[-61.84201863989748, 49.48876487414137]",17.488389975733213
BENCH-MMLU_PRO_5,single_complexity_linear,a·complexity + b,0.008292725132676204,0.09106440101750085,0.09106440101750085,1125,"[-61.84201863989748, 49.48876487414137]",17.488389975733213
BENCH-MMLU_PRO_5,complexity_power_06,a·complexity^0.6 + b,0.007559528936967985,0.08694555156514872,0.08694555156514872,1125,"[-26.311116216154687, 50.2716341076715]",17.494853602757335
BENCH-MMLU_PRO_5,complexity_power_04,a·complexity^0.4 + b,0.0066561805407381325,0.08158541867722556,0.08158541867722556,1125,"[-17.58948913508005, 51.222885123212144]",17.502813955915386
BENCH-LMARENA_SCORE,complexity_only_1,a·complexity^b + c,-207.05007293250048,-0.08039647359830386,0.08039647359830386,1535,"[3.7689310080724856, 1.5019861920663738e-08, 1.2874383866013308]",1234.9243413074125
BENCH-LMARENA_SCORE,single_complexity_power,a·complexity^b,-207.79718501011348,-0.08039537607635801,0.08039537607635801,1535,"[2.828505690120351, 3.879210053920331e-07]",1237.1396735786182
BENCH-OPEN_LLM_AVERAGE,complexity_only_1,a·complexity^b + c,0.004846944224917826,0.06962017573583323,0.06962017573583323,1705,"[8698.612484697427, -4.7521941070751377e-05, -8687.738189849024]",7.551312417272608
BENCH-OPEN_LLM_AVERAGE,single_complexity_power,a·complexity^b,0.004079274374224728,0.06411384722691137,0.06411384722691137,1705,"[11.313923416167357, -0.026907326069398253]",7.554224430316951
BENCH-MMLU_PRO_5,complexity_cube,a·complexity³ + b,0.0010752856958624601,0.03279154915313522,0.03279154915313522,1125,"[-803.6312720175297, 48.7107066422939]",17.551913042126806
BENCH-MMLU_5,complexity_cube,a·complexity³ + b,0.0010437458633988372,0.03230705593827706,0.03230705593827706,1925,"[625.5557869559266, 62.626423617399084]",17.01964725430092
BENCH-MMLU_PRO_5,complexity_only_1,a·complexity^b + c,-5.53751593894264,-0.0111383021120091,0.0111383021120091,1125,"[5.336028617000394, 5.866975306135588e-09, 2.0282646987455633]",44.901873281497934
BENCH-MMLU_PRO_5,single_complexity_power,a·complexity^b,-6.0516403194247514,-0.011138299572839655,0.011138299572839655,1125,"[5.489976211319805, 2.3165788065961482e-09]",46.634052328057855
BENCH-LMARENA_SCORE,creative_3,a·(complexity·count)^b + c·count,-1.600091187082541,-0.0049595500834578995,0.0049595500834578995,1535,"[1202.0645033099445, 0.0011523894137803593, 8.102104637157834e-10]",138.05454356295795
BENCH-LMARENA_SCORE,cross_term_3,a·(count/complexity)^b + c,,,,1535,"[1.0, 0.5, 0.0]",
BENCH-MMLU_5,cross_term_3,a·(count/complexity)^b + c,,,,1925,"[1.0, 0.5, 0.0]",
BENCH-MMLU_PRO_5,cross_term_3,a·(count/complexity)^b + c,,,,1125,"[1.0, 0.5, 0.0]",
