epoch,train_loss,train_ppl,val_loss,val_ppl,experiment,label
1,7.464257221221924,1744.5592452641406,6.91653942233788,1008.8228371573068,control,Control
2,7.126433267593384,1244.4304913715423,6.913513608464224,1005.7749405299556,control,Control
3,6.960930681228637,1054.6146106690985,6.483554077148438,654.2922238691655,control,Control
4,6.572045139312744,714.8302767296325,6.279830843531443,533.698377656693,control,Control
5,6.414871353149414,610.8621702686407,6.17901094231063,482.514485606431,control,Control
6,6.295999917984009,542.3979287724379,6.076932439404334,435.6906352872459,control,Control
7,6.176573528289795,481.3398301763164,5.969128696647233,391.16469911277306,control,Control
8,6.056009216308594,426.6692898482944,5.8798661877295215,357.7613656450952,control,Control
9,5.942257526397705,380.7936115549604,5.792186377862256,327.7287805847766,control,Control
10,5.837604457855225,342.9567883885824,5.725628156719093,306.62581382689234,control,Control
11,5.745963571548462,312.92500824068424,5.653991055631352,285.42835606656377,control,Control
12,5.66989776802063,290.0048851027767,5.611125722188436,273.45189567016234,control,Control
13,5.608385551452637,272.7036164625983,5.577592950238439,264.434332522642,control,Control
14,5.559082191467285,259.58447810711374,5.545684293644157,256.12978627439,control,Control
15,5.52041375541687,249.7383464094724,5.529623027047712,252.04887750263157,control,Control
16,5.490972948074341,242.4930252417803,5.514587036863772,248.2874225205813,control,Control
17,5.469778821945191,237.40767758545357,5.499841481625677,244.6531471710641,control,Control
18,5.455924703598022,234.1412822821077,5.497161788140942,243.9984293399039,control,Control
19,5.448084791183471,232.3128120251685,5.494485265766075,243.3462352796881,control,Control
20,5.444087850570679,231.38612470270368,5.493936011605634,243.212613047176,control,Control
1,7.465226541519165,1746.2511017932811,6.915827956171093,1008.105349104889,gelu2_k1,K=1
2,7.140651023864746,1262.2498764581971,6.6527066881785135,774.8788450605036,gelu2_k1,K=1
3,6.669006772994996,787.6129374050239,6.332137962729632,562.3576091416226,gelu2_k1,K=1
4,6.433152576446533,622.1321789084088,6.128982027133782,458.9687051035167,gelu2_k1,K=1
5,6.216601627349854,500.99775866377297,5.935202872110698,378.11669772363496,gelu2_k1,K=1
6,6.02544387626648,413.82528848588834,5.792764310208623,327.9182403901135,gelu2_k1,K=1
7,5.871097507476807,354.6379846007955,5.688893305041833,295.5663377969077,gelu2_k1,K=1
8,5.733896007537842,309.1714593202622,5.600229089702674,270.48836642823886,gelu2_k1,K=1
9,5.616763849258422,274.9980066949832,5.525245187382498,250.9478597272332,gelu2_k1,K=1
10,5.5217583446502685,250.07436775593868,5.4691493845271495,237.25829132943272,gelu2_k1,K=1
11,5.441928937911987,230.88712111543543,5.4279869936183545,227.6904414795621,gelu2_k1,K=1
12,5.375149333953858,215.9721218734593,5.394475680482602,220.18666865749285,gelu2_k1,K=1
13,5.320283714294433,204.4418768484369,5.367119408795934,214.24482620736143,gelu2_k1,K=1
14,5.275249509811402,195.4392344360324,5.352555072236204,211.1471053341393,gelu2_k1,K=1
15,5.240313610076904,188.72928052993396,5.335670081155743,207.6118189761915,gelu2_k1,K=1
16,5.213573156356811,183.74945210680207,5.322945711855403,204.98682563032887,gelu2_k1,K=1
17,5.193197261810303,180.04327916780048,5.314155374743981,203.19281884375297,gelu2_k1,K=1
18,5.180281820297242,177.73289267265872,5.311408356992071,202.6354105191317,gelu2_k1,K=1
19,5.171864114761353,176.2430687646998,5.30918249769839,202.18487420862908,gelu2_k1,K=1
20,5.169014133453369,175.7414943913517,5.3085741163013935,202.0619061019536,gelu2_k1,K=1
1,7.461344495773315,1739.4852163677251,6.914429433331518,1006.6964761496024,gelu2_k1_attn,K=1 +attn
2,7.102127313613892,1214.5480528515898,6.675647315293729,792.8605185396887,gelu2_k1_attn,K=1 +attn
3,6.673439775466919,791.1121778437719,6.319243967318963,555.1531198511112,gelu2_k1_attn,K=1 +attn
4,6.429577205657959,619.9117973982155,6.141841950673543,464.909122346608,gelu2_k1_attn,K=1 +attn
5,6.245132549285889,515.4975492306103,5.990387069679306,399.5692411366802,gelu2_k1_attn,K=1 +attn
6,6.0814424343109135,437.6600354875311,5.837105542599798,342.7857246915957,gelu2_k1_attn,K=1 +attn
7,5.92567068862915,374.5295438493955,5.732819809028489,308.83890843408795,gelu2_k1_attn,K=1 +attn
8,5.794811220169067,328.59014693407954,5.6345414858378335,279.93053576520015,gelu2_k1_attn,K=1 +attn
9,5.678452243804932,292.49636633397887,5.570933228909612,262.67912464316976,gelu2_k1_attn,K=1 +attn
10,5.581694076538086,265.5210379532616,5.515907996286175,248.61561684879592,gelu2_k1_attn,K=1 +attn
11,5.502008140563965,245.1838017653299,5.470022657816996,237.46557315171185,gelu2_k1_attn,K=1 +attn
12,5.43508670425415,229.3127298030342,5.434077564970462,229.0814380415696,gelu2_k1_attn,K=1 +attn
13,5.378821008682251,216.7665588199128,5.4069563334573525,222.95196250012043,gelu2_k1_attn,K=1 +attn
14,5.332311101913453,206.9156250907824,5.385587538073876,218.2382897512156,gelu2_k1_attn,K=1 +attn
15,5.2963568916320805,199.6082891119544,5.372288799856952,215.3552090256424,gelu2_k1_attn,K=1 +attn
16,5.269044368743897,194.23026122007457,5.356833499634337,212.0524181712861,gelu2_k1_attn,K=1 +attn
17,5.2498560066223146,190.53883015347623,5.351362039371879,210.89535010426087,gelu2_k1_attn,K=1 +attn
18,5.234984813690185,187.72625545347609,5.3443134541996935,209.41406288902277,gelu2_k1_attn,K=1 +attn
19,5.227808372497559,186.38387155167243,5.343534535276675,209.2510098234954,gelu2_k1_attn,K=1 +attn
20,5.22445754814148,185.7603771288299,5.343828185304196,209.3124654110647,gelu2_k1_attn,K=1 +attn
1,7.467361911773682,1749.983978571553,6.914007889867543,1006.2721992617318,gelu2_k2,K=2
2,7.158920934677124,1285.5230209030804,6.91378707828636,1006.0500272362927,gelu2_k2,K=2
3,6.843862487792968,938.1055673220632,6.407082702157027,606.1228584014201,gelu2_k2,K=2
4,6.52096137046814,679.231064242268,6.246706700467778,516.3096593313325,gelu2_k2,K=2
5,6.362688236236572,579.8029104577848,6.101322069567835,446.4476148939489,gelu2_k2,K=2
6,6.21624834060669,500.8207940587473,5.973267683725871,392.7870799385456,gelu2_k2,K=2
7,6.069044034957885,432.26725161227336,5.861673587524963,351.3116030169552,gelu2_k2,K=2
8,5.936825077056885,378.7305782863394,5.769768441365865,320.4635179606532,gelu2_k2,K=2
9,5.822874711990356,337.94214493153765,5.678218279627269,292.42794066704977,gelu2_k2,K=2
10,5.722390008926392,305.6345199688652,5.613895721778184,274.21040736252445,gelu2_k2,K=2
11,5.634926628112793,280.0383696129292,5.568143138200223,261.9472475344942,gelu2_k2,K=2
12,5.563449422836304,260.72062268014406,5.536862644606722,253.88023615127656,gelu2_k2,K=2
13,5.505534883499146,246.050028587852,5.5020537330718815,245.1949805645857,gelu2_k2,K=2
14,5.457767293930054,234.5731064605232,5.4710318508262406,237.7053427146064,gelu2_k2,K=2
15,5.4199886207580565,225.8765521834725,5.456417173397042,234.25661818973003,gelu2_k2,K=2
16,5.392402473449707,219.73064898241927,5.439142066704299,230.24456422290064,gelu2_k2,K=2
17,5.371386474609375,215.160976227099,5.437539327358771,229.8758377658581,gelu2_k2,K=2
18,5.357746843338012,212.24618338592143,5.430858239156757,228.34513608850685,gelu2_k2,K=2
19,5.349805702209473,210.5673811148782,5.427079408040304,227.48388666587877,gelu2_k2,K=2
20,5.345782648086548,209.7219588741066,5.4277307127764125,227.63209625821816,gelu2_k2,K=2
1,7.466976072311401,1749.308895939396,6.914457469072171,1006.7247000265604,gelu2_k2_attn,K=2 +attn
2,7.14614178276062,1269.1996484971132,6.794627480878088,893.0365244483386,gelu2_k2_attn,K=2 +attn
3,6.74030304145813,845.817014638954,6.35462487557691,575.1465486703026,gelu2_k2_attn,K=2 +attn
4,6.465900510787964,642.8429899246377,6.183958525857526,484.9076817235876,gelu2_k2_attn,K=2 +attn
5,6.281469253540039,534.573511138178,6.008575530823119,406.9032860625856,gelu2_k2_attn,K=2 +attn
6,6.099676498413086,445.7135577140798,5.847526783857517,346.37665591004463,gelu2_k2_attn,K=2 +attn
7,5.9323845386505125,377.052539063949,5.725299405766105,306.52502686619835,gelu2_k2_attn,K=2 +attn
8,5.7954591903686525,328.80313255388535,5.631216064613023,279.00119490143106,gelu2_k2_attn,K=2 +attn
9,5.676612266540527,291.95867449208254,5.56321602381632,260.6597778431598,gelu2_k2_attn,K=2 +attn
10,5.575376010894775,263.8487469906967,5.504836673508147,245.87829395999964,gelu2_k2_attn,K=2 +attn
11,5.492495429992676,242.86249767421387,5.464624735552394,236.18720581511516,gelu2_k2_attn,K=2 +attn
12,5.424069208145141,226.80014431096816,5.429031269850131,227.92833738870465,gelu2_k2_attn,K=2 +attn
13,5.366347732543946,214.0795623361693,5.396812992324373,220.70191547722547,gelu2_k2_attn,K=2 +attn
14,5.31973198890686,204.32911218512083,5.374771100461127,215.8904494300709,gelu2_k2_attn,K=2 +attn
15,5.283125221252441,196.9845346324287,5.363747448835544,213.52361785786,gelu2_k2_attn,K=2 +attn
16,5.255777578353882,191.67046673072664,5.3473012273183125,210.04068022586077,gelu2_k2_attn,K=2 +attn
17,5.236088321685791,187.93352721934625,5.341178373805064,208.7585610285111,gelu2_k2_attn,K=2 +attn
18,5.223126453399658,185.5132769609465,5.337419776002804,207.97539428621124,gelu2_k2_attn,K=2 +attn
19,5.2145042343139645,183.92061684278875,5.336030788764268,207.68671964672475,gelu2_k2_attn,K=2 +attn
20,5.210845933914184,183.2490091969439,5.334178678432624,207.30241692290105,gelu2_k2_attn,K=2 +attn
1,7.4673380889892575,1749.9422895770615,6.919131387493567,1011.4410625080876,gelu2_k4,K=4
2,7.124314212799073,1241.7962669912413,6.743552495191198,848.569928204974,gelu2_k4,K=4
3,6.690910743713379,805.0551172541418,6.315831827974605,553.2620881153426,gelu2_k4,K=4
4,6.386876609802246,593.9983905233036,6.063151601117528,429.72763504022754,gelu2_k4,K=4
5,6.147682981491089,467.6326171227887,5.8723297553148095,355.07525584853755,gelu2_k4,K=4
6,5.954285745620727,385.40153761050107,5.726755363213088,306.97163930721103,gelu2_k4,K=4
7,5.794390823364258,328.452037718587,5.636060328683453,280.3560293038292,gelu2_k4,K=4
8,5.659844547271729,287.1040079855224,5.539238158243145,254.4840490131696,gelu2_k4,K=4
9,5.551541776657104,257.63446465850234,5.475945116945369,238.8761261513552,gelu2_k4,K=4
10,5.4579674282073976,234.62005727774613,5.440172076653577,230.48184059235044,gelu2_k4,K=4
11,5.380686349868775,217.17127976391143,5.3892791890812495,219.0454382921143,gelu2_k4,K=4
12,5.315214094161988,203.40805694493616,5.353438670335415,211.3337569654358,gelu2_k4,K=4
13,5.260689456939697,192.6142447558217,5.327565518681874,205.9360160166426,gelu2_k4,K=4
14,5.2166164779663085,184.3095125749304,5.314876961279772,203.339492958669,gelu2_k4,K=4
15,5.181542587280274,177.9571137511049,5.291382431555651,198.6178112356368,gelu2_k4,K=4
16,5.153891008377075,173.10372968651927,5.282075248649734,196.77781481197303,gelu2_k4,K=4
17,5.13351895904541,169.6129300654781,5.276374540500298,195.6592333021211,gelu2_k4,K=4
18,5.1203103942871095,167.3873176256307,5.270022733197241,194.4203821920511,gelu2_k4,K=4
19,5.113313257217407,166.22017371537058,5.268280361084167,194.08192448516732,gelu2_k4,K=4
20,5.10887566947937,165.48419131167995,5.267769862077907,193.9828711410528,gelu2_k4,K=4
1,7.465782646179199,1747.222470234803,6.916978329527164,1009.2657139370403,gelu2_k4_attn,K=4 +attn
2,7.079886217117309,1187.8333557162632,6.632666957307005,759.5050395051783,gelu2_k4_attn,K=4 +attn
3,6.646627513885498,770.1825108856798,6.304900255602991,547.2470006404297,gelu2_k4_attn,K=4 +attn
4,6.395795188903809,599.3197061707756,6.089554357814218,441.2247389694208,gelu2_k4_attn,K=4 +attn
5,6.1828021106719975,484.34725122448793,5.914527523017929,370.3792656794397,gelu2_k4_attn,K=4 +attn
6,5.9964286270141605,401.990568545485,5.769370268062203,320.33594334309265,gelu2_k4_attn,K=4 +attn
7,5.838155998229981,343.145995076943,5.648088133692028,283.7484577935489,gelu2_k4_attn,K=4 +attn
8,5.697838129043579,298.2219861162712,5.567914142722855,261.8872696670921,gelu2_k4_attn,K=4 +attn
9,5.580628862380982,265.23835177201585,5.498489390732999,244.32257740945204,gelu2_k4_attn,K=4 +attn
10,5.487662490844727,241.6915897441256,5.452077552087292,233.24223578715936,gelu2_k4_attn,K=4 +attn
11,5.410642152786255,223.77523944592403,5.4090139817334935,223.41119152529896,gelu2_k4_attn,K=4 +attn
12,5.345418872833252,209.64568109022176,5.379896619648276,216.99984074545463,gelu2_k4_attn,K=4 +attn
13,5.291484357833863,198.6380566416744,5.347271139179162,210.03436058772036,gelu2_k4_attn,K=4 +attn
14,5.2468806076049805,189.9727436896579,5.330360133919173,206.51233286174968,gelu2_k4_attn,K=4 +attn
15,5.2121447029113765,183.48716194808364,5.316094407635535,203.5871986369465,gelu2_k4_attn,K=4 +attn
16,5.185534589767456,178.66893885028583,5.309080590459401,202.16427115615116,gelu2_k4_attn,K=4 +attn
17,5.166236679077149,175.25405763869264,5.297624933505487,199.8615613267773,gelu2_k4_attn,K=4 +attn
18,5.153419771194458,173.02217598971768,5.295041000343368,199.34579904523,gelu2_k4_attn,K=4 +attn
19,5.1455578594207765,171.6672241422226,5.293626723603574,199.064068188123,gelu2_k4_attn,K=4 +attn
20,5.14219704246521,171.09125043784576,5.290959149777533,198.53375772574543,gelu2_k4_attn,K=4 +attn
1,7.465646322250366,1746.984298237756,6.9128712459952535,1005.12907591773,gelu2_k8,K=8
2,7.130753923416138,1249.818879522857,6.915419773855609,1007.6939422994432,gelu2_k8,K=8
3,6.942971405029297,1035.843557382531,6.462736009266562,640.8119276497615,gelu2_k8,K=8
4,6.5598850955963135,706.1905455297397,6.2743269349286654,530.7690194195402,gelu2_k8,K=8
5,6.403380512237549,603.8830251673928,6.151024490059493,469.1978291480789,gelu2_k8,K=8
6,6.266997972488404,526.8932532326252,6.010349032122218,407.6255698653395,gelu2_k8,K=8
7,6.110495801925659,450.5620493299788,5.895572260896603,363.42475017600384,gelu2_k8,K=8
8,5.976246385574341,393.9588198050956,5.796290633492841,329.076627339583,gelu2_k8,K=8
9,5.856966945648193,349.661990227967,5.714550867480432,303.24797419253133,gelu2_k8,K=8
10,5.7533451900482175,315.2434476609,5.642031700454073,282.0351477136763,gelu2_k8,K=8
11,5.667904329299927,289.42735396333705,5.596954121846639,269.603974690467,gelu2_k8,K=8
12,5.598304653167725,269.9683292833407,5.552786615223228,257.9553776770817,gelu2_k8,K=8
13,5.540432176589966,254.78808911527264,5.524761624821646,250.8265400727286,gelu2_k8,K=8
14,5.49572247505188,243.64749182191017,5.499936501851339,244.6763952728197,gelu2_k8,K=8
15,5.458690172195435,234.7896888063162,5.481452057889835,240.19523165552744,gelu2_k8,K=8
16,5.431100511550904,228.40046451332304,5.468993391962108,237.2212836865246,gelu2_k8,K=8
17,5.410847429275512,223.8211799565523,5.463523373632374,235.92722141537345,gelu2_k8,K=8
18,5.397822107315063,220.9247414982378,5.45639831234595,234.25219990535268,gelu2_k8,K=8
19,5.3898450489044185,219.1694223805912,5.454796146347137,233.8771894902043,gelu2_k8,K=8
20,5.385762845993042,218.27655200541412,5.453548598146724,233.58559834815915,gelu2_k8,K=8
1,7.464107669830322,1744.29836350938,6.915380500747772,1007.6543678036924,gelu2_k8_attn,K=8 +attn
2,7.126388498306275,1244.374780352668,6.912201178430797,1004.455797122198,gelu2_k8_attn,K=8 +attn
3,6.887764137268066,980.2073562253285,6.441398417878294,627.2833910570121,gelu2_k8_attn,K=8 +attn
4,6.551373916625977,700.2055372773037,6.284734294228925,536.321767914894,gelu2_k8_attn,K=8 +attn
5,6.38634596824646,593.6832739076018,6.134969731861959,461.7251182477804,gelu2_k8_attn,K=8 +attn
6,6.231632423400879,508.5850323322277,5.972692736323008,392.561312935352,gelu2_k8_attn,K=8 +attn
7,6.075254341125488,434.9601166944871,5.867471399706995,353.3543577405269,gelu2_k8_attn,K=8 +attn
8,5.947677030563354,382.86292638438186,5.763317067608862,318.402742594353,gelu2_k8_attn,K=8 +attn
9,5.830844932556152,340.64638072759703,5.675660610198975,291.68096233225907,gelu2_k8_attn,K=8 +attn
10,5.730916696548462,308.2517121806157,5.617695742738461,275.2543949891813,gelu2_k8_attn,K=8 +attn
11,5.6429759254455565,282.30157811395065,5.572155309437278,263.0003359194666,gelu2_k8_attn,K=8 +attn
12,5.57126082611084,262.76519168611526,5.524441512330563,250.7462602141346,gelu2_k8_attn,K=8 +attn
13,5.511609252929688,247.549175937686,5.499273609115692,244.5142548146123,gelu2_k8_attn,K=8 +attn
14,5.465457597732544,236.3839991457595,5.473663047402205,238.33161576087548,gelu2_k8_attn,K=8 +attn
15,5.427244806289673,227.5215152142553,5.458920065942639,234.84367169260707,gelu2_k8_attn,K=8 +attn
16,5.398377477645874,221.0474706219105,5.444269908402494,231.4282541937648,gelu2_k8_attn,K=8 +attn
17,5.378120964050293,216.6148656562104,5.43278470810302,228.78545990110652,gelu2_k8_attn,K=8 +attn
18,5.364315790176391,213.64500664900257,5.431069712724514,228.39343015539475,gelu2_k8_attn,K=8 +attn
19,5.355900157928467,211.85459313911355,5.426088073296461,227.2584857277125,gelu2_k8_attn,K=8 +attn
20,5.352523138046265,211.14036263003436,5.425390392577577,227.0999871611435,gelu2_k8_attn,K=8 +attn
1,7.465471549987793,1746.6790005188368,6.910570572379107,1002.8192600569888,gelu2_k16,K=16
2,7.04291482925415,1144.7194100751915,6.57334427119729,715.7595390206104,gelu2_k16,K=16
3,6.608100076675415,741.0736971366622,6.2940193170558905,541.3247180831761,gelu2_k16,K=16
4,6.375803714752197,587.4573894264745,6.065439368150905,430.7118771860872,gelu2_k16,K=16
5,6.15855006980896,472.7421345787601,5.885127212044722,359.6485167098412,gelu2_k16,K=16
6,5.966821060180664,390.263073900386,5.7416980218030735,311.59305382992227,gelu2_k16,K=16
7,5.815231559753418,335.36904748450945,5.642280463829726,282.10531645641925,gelu2_k16,K=16
8,5.690538600921631,296.053032143003,5.5757121057567485,263.93744010271314,gelu2_k16,K=16
9,5.582887439727784,265.8380901276158,5.5075857316662455,246.55515763243707,gelu2_k16,K=16
10,5.490583848953247,242.39868977290155,5.459565652630286,234.99533259059095,gelu2_k16,K=16
11,5.411408224105835,223.94673291862424,5.411394020468889,223.94355208312444,gelu2_k16,K=16
12,5.347618215560913,210.10727120568137,5.384608209918359,218.02466746968128,gelu2_k16,K=16
13,5.293511978149414,199.0412278016522,5.3565305401465135,211.98818460985987,gelu2_k16,K=16
14,5.250043760299683,190.57460787811357,5.337130155392035,207.91516904714948,gelu2_k16,K=16
15,5.215250898361206,184.05799503622825,5.32372972751092,205.1476015279728,gelu2_k16,K=16
16,5.187960563659668,179.10291122126688,5.310710050388725,202.4939582681629,gelu2_k16,K=16
17,5.167942924499512,175.55333932368413,5.303651576698897,201.06969247600404,gelu2_k16,K=16
18,5.154757677078247,173.2538183002522,5.298774846585211,200.0915169394251,gelu2_k16,K=16
19,5.147226285934448,171.95387735392416,5.298012819118842,199.9390997881333,gelu2_k16,K=16
20,5.14383749961853,171.37214864123675,5.29666027765788,199.6688566647147,gelu2_k16,K=16
1,7.464640855789185,1745.228646889849,6.916395360409856,1008.677514662322,gelu2_k16_attn,K=16 +attn
2,7.1254949989318845,1243.2634288347954,6.875787006880709,968.5373112452836,gelu2_k16_attn,K=16 +attn
3,6.800551410675049,898.3425107535999,6.387767542764812,594.5278390856987,gelu2_k16_attn,K=16 +attn
4,6.495596658706665,662.2192263247317,6.23209730079788,508.821516982137,gelu2_k16_attn,K=16 +attn
5,6.349042978286743,571.9450831471833,6.10933253122661,450.0382284317101,gelu2_k16_attn,K=16 +attn
6,6.198982612609863,492.24797936250906,5.962979683904591,388.76680229793175,gelu2_k16_attn,K=16 +attn
7,6.051290195465088,424.66057189486514,5.845805495370648,345.7809545940952,gelu2_k16_attn,K=16 +attn
8,5.910193359375,368.7774550941345,5.730086743474721,307.99598386053736,gelu2_k16_attn,K=16 +attn
9,5.783568265914917,324.9165128902469,5.64788655720785,283.6912665414355,gelu2_k16_attn,K=16 +attn
10,5.681254316329956,293.3171117227904,5.593729716432309,268.7360621776116,gelu2_k16_attn,K=16 +attn
11,5.594936929702759,269.06067982006,5.53326957439948,252.96966349393296,gelu2_k16_attn,K=16 +attn
12,5.5208815002441405,249.8551875529665,5.493921130859923,243.20899388905545,gelu2_k16_attn,K=16 +attn
13,5.461576110839844,235.46825612341087,5.464747712712088,236.21625323289012,gelu2_k16_attn,K=16 +attn
14,5.4134017162323,224.3936142466568,5.445941736598215,231.8154860768095,gelu2_k16_attn,K=16 +attn
15,5.376507808685303,216.26571391725648,5.4236000951892605,226.6937743765841,gelu2_k16_attn,K=16 +attn
16,5.348674364089966,210.32929291442136,5.412658100356599,224.22681361818115,gelu2_k16_attn,K=16 +attn
17,5.327694402694702,205.96255958725675,5.404111151780911,222.31852521108164,gelu2_k16_attn,K=16 +attn
18,5.3136368637084965,203.08748843470087,5.399566752039744,221.31051310239064,gelu2_k16_attn,K=16 +attn
19,5.306045244216919,201.5515629565222,5.397183328617119,220.78366454279384,gelu2_k16_attn,K=16 +attn
20,5.301732904434204,200.6842754964509,5.395984854669628,220.51921956966592,gelu2_k16_attn,K=16 +attn
1,7.462197376251221,1740.9694221854866,6.913647532320308,1005.9096468083349,gelu2_sel_k1,gelu2_sel_k1
2,7.14025737953186,1261.7530967313207,6.7459521624856364,850.6086588680596,gelu2_sel_k1,gelu2_sel_k1
3,6.711846395492554,822.0871369768965,6.334561932158327,563.7224002318657,gelu2_sel_k1,gelu2_sel_k1
4,6.4485685329437255,631.7972482489455,6.169358793704096,477.87958842845154,gelu2_sel_k1,gelu2_sel_k1
5,6.253407457351685,519.7809419573867,5.982516186537143,396.43662274148426,gelu2_sel_k1,gelu2_sel_k1
6,6.075199903488159,434.936439137883,5.829012033611001,340.0225821901709,gelu2_sel_k1,gelu2_sel_k1
7,5.915972946166992,370.9150075375526,5.726353532254339,306.8483133788269,gelu2_sel_k1,gelu2_sel_k1
8,5.785357860565186,325.4985023507862,5.633540299124347,279.6504132829454,gelu2_sel_k1,gelu2_sel_k1
9,5.675055717468262,291.5045799900335,5.56417948500125,260.91103444013754,gelu2_sel_k1,gelu2_sel_k1
10,5.579516662597657,264.94351772222086,5.5109838085974046,247.39439611676084,gelu2_sel_k1,gelu2_sel_k1
11,5.500163850784301,244.7320285140454,5.47017614455994,237.5020237663679,gelu2_sel_k1,gelu2_sel_k1
12,5.432077850341797,228.62379826574244,5.439312093700478,230.28371534282124,gelu2_sel_k1,gelu2_sel_k1
13,5.376807790756225,216.3305994857539,5.412348819778351,224.1574753426502,gelu2_sel_k1,gelu2_sel_k1
14,5.334199783325196,207.30679206430824,5.387534929035667,218.6636991089217,gelu2_sel_k1,gelu2_sel_k1
15,5.299293958663941,200.19541382745135,5.369573159703237,214.77117514455304,gelu2_sel_k1,gelu2_sel_k1
16,5.271974912643433,194.8002963757631,5.362812850289716,213.32415221977675,gelu2_sel_k1,gelu2_sel_k1
17,5.252387023925781,191.0216980452988,5.352626222050833,211.1621289460004,gelu2_sel_k1,gelu2_sel_k1
18,5.23944793510437,188.56597301100928,5.350360089147876,210.6841492850056,gelu2_sel_k1,gelu2_sel_k1
19,5.2315180988311765,187.07658880942063,5.346068889937715,209.7819986683862,gelu2_sel_k1,gelu2_sel_k1
20,5.227282888412476,186.2859555223666,5.346655488156987,209.90509251502624,gelu2_sel_k1,gelu2_sel_k1
1,7.469042953491211,1752.9282486716215,6.9166497104896045,1008.934104499056,gelu2_sel_k16,gelu2_sel_k16
2,7.091883676528931,1202.170168887793,6.668421639653737,787.1522136209101,gelu2_sel_k16,gelu2_sel_k16
3,6.651381954193115,773.8530163449879,6.299720094874948,544.4195029880898,gelu2_sel_k16,gelu2_sel_k16
4,6.408448572158814,606.9513090802766,6.112476814863925,451.4555032588992,gelu2_sel_k16,gelu2_sel_k16
5,6.212810028076172,499.10177260701136,5.93307931009167,377.3145954240026,gelu2_sel_k16,gelu2_sel_k16
6,6.028173467636108,414.9564054631449,5.793138072876159,328.04082689407767,gelu2_sel_k16,gelu2_sel_k16
7,5.87109666633606,354.63768630046155,5.68653939070102,294.871418167221,gelu2_sel_k16,gelu2_sel_k16
8,5.737884660720825,310.4070996778037,5.596921970458801,269.59530668785914,gelu2_sel_k16,gelu2_sel_k16
9,5.624694623947144,277.1876251344528,5.545897053815647,256.1842862891522,gelu2_sel_k16,gelu2_sel_k16
10,5.531944990158081,252.63480568676388,5.491771105235208,242.6866500475708,gelu2_sel_k16,gelu2_sel_k16
11,5.453743801116944,233.63119940134305,5.451575584183196,233.12518505122864,gelu2_sel_k16,gelu2_sel_k16
12,5.388987962722778,218.98165577480668,5.4123721231243564,224.16269902272225,gelu2_sel_k16,gelu2_sel_k16
13,5.334528240203857,207.37489458991428,5.385570608927105,218.23459519445012,gelu2_sel_k16,gelu2_sel_k16
14,5.290459257125854,198.43453696108003,5.37094673739222,215.0663827378357,gelu2_sel_k16,gelu2_sel_k16
15,5.254453844070435,191.4169138181568,5.346805094530483,209.9364980038678,gelu2_sel_k16,gelu2_sel_k16
16,5.227485651016235,186.32373117736785,5.341679715253636,208.8632465873112,gelu2_sel_k16,gelu2_sel_k16
17,5.2077981548309324,182.69135693180883,5.330921574552616,206.62830983077035,gelu2_sel_k16,gelu2_sel_k16
18,5.195102178573609,180.3865734981605,5.327284313247589,205.87811383140988,gelu2_sel_k16,gelu2_sel_k16
19,5.187464790344238,179.0141387844886,5.324742588454378,205.35549278589968,gelu2_sel_k16,gelu2_sel_k16
20,5.182725347518921,178.1677188725643,5.325020342958188,205.4125391209744,gelu2_sel_k16,gelu2_sel_k16
1,7.463402370452881,1743.0685447057244,6.916814888023331,1009.1007715105736,gelu2_sel_k2,gelu2_sel_k2
2,7.149536684036255,1273.5157782746653,6.893437776736871,985.7845057763478,gelu2_sel_k2,gelu2_sel_k2
3,6.781051124572754,880.9942723174406,6.351812042875918,573.5310308062469,gelu2_sel_k2,gelu2_sel_k2
4,6.443355133056641,628.5120076237564,6.147033645721253,467.3290651016072,gelu2_sel_k2,gelu2_sel_k2
5,6.216267169952393,500.83022427539606,5.93935241756325,379.6889699987996,gelu2_sel_k2,gelu2_sel_k2
6,6.022261135101318,412.5102834753947,5.791124024648153,327.38080173232163,gelu2_sel_k2,gelu2_sel_k2
7,5.872214456558227,355.0343184731047,5.690962166129472,296.17845646790954,gelu2_sel_k2,gelu2_sel_k2
8,5.745335258483887,312.7284551246859,5.608019627211337,272.60384585399987,gelu2_sel_k2,gelu2_sel_k2
9,5.638207624435425,280.9586834213423,5.538829143318587,254.37998252288597,gelu2_sel_k2,gelu2_sel_k2
10,5.54335689163208,255.53436245853013,5.488884812771917,241.9871952996588,gelu2_sel_k2,gelu2_sel_k2
11,5.462329536437989,235.64573078370552,5.437003159665776,229.7526188042128,gelu2_sel_k2,gelu2_sel_k2
12,5.39552523612976,220.4178881366411,5.412763414554253,224.2504291286523,gelu2_sel_k2,gelu2_sel_k2
13,5.340985029220581,208.71820259294012,5.386007945694609,218.33005808006348,gelu2_sel_k2,gelu2_sel_k2
14,5.295775566101074,199.49228543850856,5.355094178136951,211.6839114105552,gelu2_sel_k2,gelu2_sel_k2
15,5.260225557327271,192.52491180469443,5.343713602191674,209.2884831112976,gelu2_sel_k2,gelu2_sel_k2
16,5.232277404785156,187.21869111989173,5.331138657095903,206.67317009879787,gelu2_sel_k2,gelu2_sel_k2
17,5.21254913520813,183.56138509052136,5.333123711340441,207.08383501355064,gelu2_sel_k2,gelu2_sel_k2
18,5.199330572128296,181.15093379210973,5.322358525441792,204.86649548292075,gelu2_sel_k2,gelu2_sel_k2
19,5.190852531433105,179.6216207527541,5.3200625185481085,204.3966601759596,gelu2_sel_k2,gelu2_sel_k2
20,5.187025569915772,178.93552938244144,5.319172273281805,204.2147779886802,gelu2_sel_k2,gelu2_sel_k2
1,7.469624652862548,1753.9482225621975,6.9159553619202025,1008.2337957043172,gelu2_sel_k4,gelu2_sel_k4
2,7.118260093688965,1234.3009960053112,6.641224825739147,766.0326751917848,gelu2_sel_k4,gelu2_sel_k4
3,6.643286939620972,767.6139516309375,6.270899383179442,528.9528953462192,gelu2_sel_k4,gelu2_sel_k4
4,6.33775127029419,565.5231716890709,6.02360742306281,413.0660151074941,gelu2_sel_k4,gelu2_sel_k4
5,6.103016317367554,447.20464890368817,5.84409118298285,345.1886858320577,gelu2_sel_k4,gelu2_sel_k4
6,5.926230567932129,374.7392939012282,5.7123714338519616,302.5877850403512,gelu2_sel_k4,gelu2_sel_k4
7,5.7840520305633545,325.0737340388276,5.617661484130128,275.244965318196,gelu2_sel_k4,gelu2_sel_k4
8,5.662249303817749,287.79525403422986,5.543079532120756,255.46349740063528,gelu2_sel_k4,gelu2_sel_k4
9,5.553154731750488,258.0503527947829,5.479166235895214,239.64681514205927,gelu2_sel_k4,gelu2_sel_k4
10,5.461082933425903,235.35215712884488,5.431787903151826,228.55751904707583,gelu2_sel_k4,gelu2_sel_k4
11,5.381291790008545,217.302803784829,5.390310902509861,219.27154703193156,gelu2_sel_k4,gelu2_sel_k4
12,5.317205471038818,203.81352262959945,5.357593880727619,212.2137201385596,gelu2_sel_k4,gelu2_sel_k4
13,5.262713638305664,193.00452578741357,5.329592636816516,206.35389605228863,gelu2_sel_k4,gelu2_sel_k4
14,5.217816736221313,184.53086440197956,5.314256917074055,203.21345256361295,gelu2_sel_k4,gelu2_sel_k4
15,5.18123521232605,177.90242259718798,5.300916697450741,200.52054241845008,gelu2_sel_k4,gelu2_sel_k4
16,5.153216579437256,172.9870228812753,5.292465199110751,198.83298462786937,gelu2_sel_k4,gelu2_sel_k4
17,5.133023555755615,169.52892407207287,5.2820329803192685,196.7694975180485,gelu2_sel_k4,gelu2_sel_k4
18,5.11937068939209,167.2300968260406,5.278630822575734,196.1011941297661,gelu2_sel_k4,gelu2_sel_k4
19,5.112857444763184,166.1444257547913,5.27436804685764,195.2670378947508,gelu2_sel_k4,gelu2_sel_k4
20,5.107918287277221,165.32583550779077,5.274746090209413,195.3408712554736,gelu2_sel_k4,gelu2_sel_k4
1,7.461660774230957,1740.0354650803688,6.913441247426107,1005.7021642442622,gelu2_sel_k8,gelu2_sel_k8
2,7.125730636596679,1243.5564230447706,6.799316007077337,897.2333804366941,gelu2_sel_k8,gelu2_sel_k8
3,6.731302927017212,838.2387186315244,6.356859796489784,576.4333931821138,gelu2_sel_k8,gelu2_sel_k8
4,6.429729276657104,620.0060751729037,6.097742941850673,444.85257798435,gelu2_sel_k8,gelu2_sel_k8
5,6.17519965171814,480.6789827259951,5.892270171570921,362.2266683629784,gelu2_sel_k8,gelu2_sel_k8
6,5.982307201385498,396.353782030304,5.76471113159271,318.8469259282202,gelu2_sel_k8,gelu2_sel_k8
7,5.837471324920655,342.91113258412656,5.662348489704247,287.8238006773197,gelu2_sel_k8,gelu2_sel_k8
8,5.714772026062012,303.3150475010161,5.578342004307729,264.6324823386763,gelu2_sel_k8,gelu2_sel_k8
9,5.611340274810791,273.5105717857986,5.52017505097532,249.67873987141485,gelu2_sel_k8,gelu2_sel_k8
10,5.516226108551026,248.69471710646295,5.470029318689586,237.46715488490707,gelu2_sel_k8,gelu2_sel_k8
11,5.43458748626709,229.19828133339888,5.423636510700523,226.702029696588,gelu2_sel_k8,gelu2_sel_k8
12,5.367858985900879,214.40333538333115,5.384209229132373,217.9376971673833,gelu2_sel_k8,gelu2_sel_k8
13,5.312814208984375,202.92048625491452,5.372762793695141,215.45731026350987,gelu2_sel_k8,gelu2_sel_k8
14,5.26823582649231,194.07328131833495,5.34120711480786,208.76456104512025,gelu2_sel_k8,gelu2_sel_k8
15,5.232565937042236,187.27271754521647,5.3304964214028,206.54047982592917,gelu2_sel_k8,gelu2_sel_k8
16,5.204988698959351,182.1788139469656,5.320074537699808,204.39911686518877,gelu2_sel_k8,gelu2_sel_k8
17,5.184747051239014,178.52828556931394,5.312393895451894,202.8352139503312,gelu2_sel_k8,gelu2_sel_k8
18,5.17143284034729,176.16707602652534,5.3049252087484575,201.32594443124856,gelu2_sel_k8,gelu2_sel_k8
19,5.163295976638794,174.73944463677051,5.304186273906045,201.17723262716012,gelu2_sel_k8,gelu2_sel_k8
20,5.159910255432129,174.14882599265087,5.304073473650538,201.1545410637488,gelu2_sel_k8,gelu2_sel_k8
1,7.465571577072144,1746.8537244649726,6.918019629952436,1010.3172101208752,gelu2_selsoft_k1,gelu2_selsoft_k1
2,7.163704788208007,1291.6875079910028,6.757712644588447,860.6712814445787,gelu2_selsoft_k1,gelu2_selsoft_k1
3,6.737302808761597,843.2831697391864,6.357312640458524,576.6944866804425,gelu2_selsoft_k1,gelu2_selsoft_k1
4,6.48755747795105,656.9168681293373,6.222195917118095,503.8083395709743,gelu2_selsoft_k1,gelu2_selsoft_k1
5,6.325122829437256,558.4264006531897,6.044228604596532,421.6723558751536,gelu2_selsoft_k1,gelu2_selsoft_k1
6,6.143035692214966,465.4644350629243,5.908866731563728,368.2885490359277,gelu2_selsoft_k1,gelu2_selsoft_k1
7,5.984050258636475,397.045251824672,5.778103675956498,323.14581983864656,gelu2_selsoft_k1,gelu2_selsoft_k1
8,5.844384511947632,345.2899545237213,5.682384067809511,293.6486744201964,gelu2_selsoft_k1,gelu2_selsoft_k1
9,5.724509057998657,306.282861205698,5.62550387296848,277.4120297361749,gelu2_selsoft_k1,gelu2_selsoft_k1
10,5.625066011428833,277.2905882669328,5.550749862122679,257.430520945024,gelu2_selsoft_k1,gelu2_selsoft_k1
11,5.541534257888794,255.06904109097331,5.498796558380127,244.39763692803277,gelu2_selsoft_k1,gelu2_selsoft_k1
12,5.472046321868897,237.94661026025253,5.467988218090492,236.98295485139724,gelu2_selsoft_k1,gelu2_selsoft_k1
13,5.416516473770142,225.09363558048787,5.4318695325337485,228.57617681759012,gelu2_selsoft_k1,gelu2_selsoft_k1
14,5.369801527023316,214.82022746301087,5.412813291721001,224.26161438364133,gelu2_selsoft_k1,gelu2_selsoft_k1
15,5.333523298263549,207.1665995407193,5.395310822789541,220.37063266728413,gelu2_selsoft_k1,gelu2_selsoft_k1
16,5.306532411575318,201.64977622023457,5.38635306501103,218.40542100431463,gelu2_selsoft_k1,gelu2_selsoft_k1
17,5.286978183746338,197.7449726851478,5.380264905255712,217.07977338173328,gelu2_selsoft_k1,gelu2_selsoft_k1
18,5.272349920272827,194.8733616722778,5.372613766950048,215.4252037542784,gelu2_selsoft_k1,gelu2_selsoft_k1
19,5.265425834655762,193.5287024715306,5.37201595649034,215.29645880056347,gelu2_selsoft_k1,gelu2_selsoft_k1
20,5.261670156478882,192.8032341126347,5.371341503737216,215.1513004679087,gelu2_selsoft_k1,gelu2_selsoft_k1
1,7.465504404067993,1746.7363869934888,6.91518420316502,1007.4565870996151,gelu2_selsoft_k16,gelu2_selsoft_k16
2,7.131314085006714,1250.519176175675,6.757042184704078,860.0944292764691,gelu2_selsoft_k16,gelu2_selsoft_k16
3,6.71798009300232,827.1450668501698,6.349212121106907,572.0418317334595,gelu2_selsoft_k16,gelu2_selsoft_k16
4,6.459648941040039,638.8367478347814,6.191162024286693,488.4133247350522,gelu2_selsoft_k16,gelu2_selsoft_k16
5,6.2790152530670165,533.2632758055752,6.018534425632683,410.9758384873011,gelu2_selsoft_k16,gelu2_selsoft_k16
6,6.078807243347168,436.5082359891668,5.838839020414981,343.38045146461667,gelu2_selsoft_k16,gelu2_selsoft_k16
7,5.9075090713500975,367.7888775945349,5.7049829106131,300.3603470305628,gelu2_selsoft_k16,gelu2_selsoft_k16
8,5.767164699554443,319.63019904434447,5.607130930666438,272.3616913749252,gelu2_selsoft_k16,gelu2_selsoft_k16
9,5.648049119949341,283.73738792016866,5.539442814467196,254.5361360875121,gelu2_selsoft_k16,gelu2_selsoft_k16
10,5.548612794876099,256.880962041764,5.486277109134697,241.35698646637317,gelu2_selsoft_k16,gelu2_selsoft_k16
11,5.466504016876221,236.63148535229368,5.439441016762556,230.31340613842303,gelu2_selsoft_k16,gelu2_selsoft_k16
12,5.39718134689331,220.78322701098287,5.405012887395071,222.51908815673715,gelu2_selsoft_k16,gelu2_selsoft_k16
13,5.340706993103027,208.6601794608653,5.379076280993616,216.82190038369325,gelu2_selsoft_k16,gelu2_selsoft_k16
14,5.294657005310059,199.26926594359145,5.360178177085466,212.76285253740883,gelu2_selsoft_k16,gelu2_selsoft_k16
15,5.258599451065064,192.2121002413276,5.341831394012817,208.8949291081141,gelu2_selsoft_k16,gelu2_selsoft_k16
16,5.231489818572998,187.0712983099986,5.332377900905952,206.92944730772072,gelu2_selsoft_k16,gelu2_selsoft_k16
17,5.21124027633667,183.3212863051771,5.324205955345474,205.24532179272052,gelu2_selsoft_k16,gelu2_selsoft_k16
18,5.197691900253296,180.85432993634404,5.316874255677183,203.74602763830157,gelu2_selsoft_k16,gelu2_selsoft_k16
19,5.189733701705933,179.42076712526975,5.312687198273436,202.89471481635027,gelu2_selsoft_k16,gelu2_selsoft_k16
20,5.1859791431427,178.74838438768552,5.3131914275848935,202.99704607574256,gelu2_selsoft_k16,gelu2_selsoft_k16
1,7.46520588684082,1746.2150339109512,6.914766665704236,1007.0360240409132,gelu2_selsoft_k16_attn,gelu2_selsoft_k16_attn
2,7.1530850276947024,1278.042676656272,6.865392691789273,958.5221696938592,gelu2_selsoft_k16_attn,gelu2_selsoft_k16_attn
3,6.798872282028198,896.8353438268089,6.389206797776822,595.3841323222341,gelu2_selsoft_k16_attn,gelu2_selsoft_k16_attn
4,6.506093772888184,669.2072299256296,6.237909305595352,511.7874005959813,gelu2_selsoft_k16_attn,gelu2_selsoft_k16_attn
5,6.361349798202514,579.0273992927624,6.111229379162817,450.8926926546753,gelu2_selsoft_k16_attn,gelu2_selsoft_k16_attn
6,6.202867311477661,494.1639335737387,5.961694792787472,388.2676000659648,gelu2_selsoft_k16_attn,gelu2_selsoft_k16_attn
7,6.05857141494751,427.7639030313829,5.86497480712251,352.4732761797886,gelu2_selsoft_k16_attn,gelu2_selsoft_k16_attn
8,5.933585464477539,377.5056232020244,5.762032605930717,317.99402901793,gelu2_selsoft_k16_attn,gelu2_selsoft_k16_attn
9,5.8179102210998535,336.26859183827264,5.6757419854581,291.7046989119227,gelu2_selsoft_k16_attn,gelu2_selsoft_k16_attn
10,5.718493389129638,304.4458957600651,5.621602325096816,276.33180207223046,gelu2_selsoft_k16_attn,gelu2_selsoft_k16_attn
11,5.634939306259155,280.04192000287225,5.570443325842212,262.5504688512717,gelu2_selsoft_k16_attn,gelu2_selsoft_k16_attn
12,5.564351188659668,260.9558376656013,5.53225719486168,252.71369177505525,gelu2_selsoft_k16_attn,gelu2_selsoft_k16_attn
13,5.506432483673096,246.27098228551665,5.495033502293204,243.47968315176425,gelu2_selsoft_k16_attn,gelu2_selsoft_k16_attn
14,5.458555377960205,234.7580426426819,5.471795107790096,237.88684222935208,gelu2_selsoft_k16_attn,gelu2_selsoft_k16_attn
15,5.420968469619751,226.09798553390465,5.450272793684177,232.8216695265616,gelu2_selsoft_k16_attn,gelu2_selsoft_k16_attn
16,5.392344526290893,219.71791658451323,5.437414215567583,229.84707938708797,gelu2_selsoft_k16_attn,gelu2_selsoft_k16_attn
17,5.371800476074219,215.25007162797488,5.431857978226896,228.57353579356163,gelu2_selsoft_k16_attn,gelu2_selsoft_k16_attn
18,5.358249431610108,212.35288263913884,5.427547284086307,227.5903458302058,gelu2_selsoft_k16_attn,gelu2_selsoft_k16_attn
19,5.350067575454712,210.6225302990449,5.4223554833920415,226.41180413878016,gelu2_selsoft_k16_attn,gelu2_selsoft_k16_attn
20,5.345713533401489,209.7074645078617,5.423197152371892,226.60244814931625,gelu2_selsoft_k16_attn,gelu2_selsoft_k16_attn
1,7.466446018218994,1748.3819132973938,6.912351898376099,1004.607200054433,gelu2_selsoft_k2,gelu2_selsoft_k2
2,7.047726173400879,1150.2403199569187,6.558884183232656,705.4840643034986,gelu2_selsoft_k2,gelu2_selsoft_k2
3,6.596844835281372,732.779497950845,6.282531061572229,535.1414270415769,gelu2_selsoft_k2,gelu2_selsoft_k2
4,6.376683792114258,587.974624946335,6.095099968824558,443.6783969680175,gelu2_selsoft_k2,gelu2_selsoft_k2
5,6.190994651794433,488.3315846203527,5.9394327380700025,379.7194680340706,gelu2_selsoft_k2,gelu2_selsoft_k2
6,6.016726408004761,410.2334582471787,5.789045390968552,326.7010037420528,gelu2_selsoft_k2,gelu2_selsoft_k2
7,5.860641290664673,350.9491322730714,5.677111912344744,292.10458686801485,gelu2_selsoft_k2,gelu2_selsoft_k2
8,5.732637895584107,308.78273159431166,5.591572274419362,268.15690468067714,gelu2_selsoft_k2,gelu2_selsoft_k2
9,5.621477508544922,276.29731344193806,5.525449225145899,250.9990677912741,gelu2_selsoft_k2,gelu2_selsoft_k2
10,5.525501792907715,251.0122625972933,5.472145177075963,237.97013368436788,gelu2_selsoft_k2,gelu2_selsoft_k2
11,5.44408270072937,231.38493310394887,5.42901158875334,227.9238515531784,gelu2_selsoft_k2,gelu2_selsoft_k2
12,5.3780287075042725,216.5948824386937,5.39897525353346,221.1796469718417,gelu2_selsoft_k2,gelu2_selsoft_k2
13,5.321987749099732,204.7905499133952,5.370945203518439,215.0660528534031,gelu2_selsoft_k2,gelu2_selsoft_k2
14,5.2760049419403074,195.5869312934259,5.346754211151671,209.92581599728405,gelu2_selsoft_k2,gelu2_selsoft_k2
15,5.240511682510376,188.7666663002189,5.328541209740553,206.1370440007856,gelu2_selsoft_k2,gelu2_selsoft_k2
16,5.21295586013794,183.6360592668832,5.3193679130005975,204.25473441882409,gelu2_selsoft_k2,gelu2_selsoft_k2
17,5.193686571121216,180.1313975774856,5.312943749227924,202.9467743267699,gelu2_selsoft_k2,gelu2_selsoft_k2
18,5.180822578430176,177.82902917081532,5.304571310488764,201.25470813582712,gelu2_selsoft_k2,gelu2_selsoft_k2
19,5.173049453735351,176.45210040520422,5.303806971361537,201.1009400608245,gelu2_selsoft_k2,gelu2_selsoft_k2
20,5.169136293411255,175.7629642762588,5.303073293149114,200.9534507940509,gelu2_selsoft_k2,gelu2_selsoft_k2
1,7.464353378295899,1744.7270050420557,6.917310794099362,1009.6013148154684,gelu2_selsoft_k32,gelu2_selsoft_k32
2,7.135302597045898,1255.5168469748185,6.909299486697077,1001.5454006176244,gelu2_selsoft_k32,gelu2_selsoft_k32
3,6.829617012023926,924.83654336704,6.412253909196682,609.2653634629221,gelu2_selsoft_k32,gelu2_selsoft_k32
4,6.512480779647827,673.4951399050904,6.233471284512274,509.5211099646268,gelu2_selsoft_k32,gelu2_selsoft_k32
5,6.351724786758423,573.4809888984989,6.086904982035746,440.0573159870825,gelu2_selsoft_k32,gelu2_selsoft_k32
6,6.194770740509033,490.1790539147656,5.937966320471849,379.1630487949756,gelu2_selsoft_k32,gelu2_selsoft_k32
7,6.040336576461792,420.03438478487794,5.828715802381138,339.9218717999856,gelu2_selsoft_k32,gelu2_selsoft_k32
8,5.907844194412231,367.9121527844388,5.731672705005029,308.4848411944248,gelu2_selsoft_k32,gelu2_selsoft_k32
9,5.7923482837677005,327.781846105432,5.653582433026708,285.31174741435655,gelu2_selsoft_k32,gelu2_selsoft_k32
10,5.6942062797546384,297.1408532522346,5.59822071098282,269.9456685030365,gelu2_selsoft_k32,gelu2_selsoft_k32
11,5.609023838043213,272.8777350870682,5.551697624800448,257.67461964043906,gelu2_selsoft_k32,gelu2_selsoft_k32
12,5.537203805923462,253.96686504330944,5.5040255655071695,245.6789409678349,gelu2_selsoft_k32,gelu2_selsoft_k32
13,5.477028203964234,239.1349899434072,5.471403686157958,237.7937463943528,gelu2_selsoft_k32,gelu2_selsoft_k32
14,5.429533149719238,228.0427587433246,5.450888552637157,232.96507570130723,gelu2_selsoft_k32,gelu2_selsoft_k32
15,5.391633140563965,219.56166797780824,5.425373961397274,227.0962556709642,gelu2_selsoft_k32,gelu2_selsoft_k32
16,5.362491357803345,213.2555811308121,5.4193163363519545,225.724749932596,gelu2_selsoft_k32,gelu2_selsoft_k32
17,5.341769250869751,208.8819481239925,5.411340345165686,223.9315321676552,gelu2_selsoft_k32,gelu2_selsoft_k32
18,5.328558292388916,206.14056539750007,5.405856380348434,222.70686062082825,gelu2_selsoft_k32,gelu2_selsoft_k32
19,5.320163984298706,204.41740048870176,5.403174460862211,222.11037896702484,gelu2_selsoft_k32,gelu2_selsoft_k32
20,5.315915164947509,203.5507103904387,5.403228417128146,222.1223635370176,gelu2_selsoft_k32,gelu2_selsoft_k32
1,7.460364870071411,1737.7820063320614,6.910597844038181,1002.8466089748856,gelu2_selsoft_k32_attn,gelu2_selsoft_k32_attn
2,7.121236743927002,1237.9805520176442,6.667741958252684,786.6173826794258,gelu2_selsoft_k32_attn,gelu2_selsoft_k32_attn
3,6.6591262550354005,779.8692325372218,6.311051050631586,550.6233778287309,gelu2_selsoft_k32_attn,gelu2_selsoft_k32_attn
4,6.41299610710144,609.717726789917,6.103410333073781,447.3808892777118,gelu2_selsoft_k32_attn,gelu2_selsoft_k32_attn
5,6.197511930465698,491.5245711309323,5.925105920094929,374.3180810672768,gelu2_selsoft_k32_attn,gelu2_selsoft_k32_attn
6,6.012307228088379,408.4245626488631,5.779137791273836,323.4801627254305,gelu2_selsoft_k32_attn,gelu2_selsoft_k32_attn
7,5.860774921417236,350.99603300334854,5.675659970037952,291.68077560953566,gelu2_selsoft_k32_attn,gelu2_selsoft_k32_attn
8,5.728779460906982,307.5936091459325,5.595388686014506,269.1822571400049,gelu2_selsoft_k32_attn,gelu2_selsoft_k32_attn
9,5.614994693756104,274.5119225643025,5.526767804379949,251.33024824568045,gelu2_selsoft_k32_attn,gelu2_selsoft_k32_attn
10,5.5203012924194335,249.7102616657372,5.469398117065429,237.3173125264048,gelu2_selsoft_k32_attn,gelu2_selsoft_k32_attn
11,5.442330024719238,230.97974546764016,5.427984532910193,227.68988120052376,gelu2_selsoft_k32_attn,gelu2_selsoft_k32_attn
12,5.3767351760864255,216.3148912810346,5.399050693740388,221.1963334395848,gelu2_selsoft_k32_attn,gelu2_selsoft_k32_attn
13,5.32389813041687,205.1821518893277,5.365211825456448,213.83652590355848,gelu2_selsoft_k32_attn,gelu2_selsoft_k32_attn
14,5.278950448989868,196.16388326927196,5.347656800504216,210.11537833923416,gelu2_selsoft_k32_attn,gelu2_selsoft_k32_attn
15,5.243557565689087,189.34250403585048,5.334338935692153,207.3356413022836,gelu2_selsoft_k32_attn,gelu2_selsoft_k32_attn
16,5.216873495101929,184.35688936598277,5.326773413355479,205.7729575897091,gelu2_selsoft_k32_attn,gelu2_selsoft_k32_attn
17,5.196747783660888,180.68366294009095,5.315675660093388,203.50196484487063,gelu2_selsoft_k32_attn,gelu2_selsoft_k32_attn
18,5.184126287460328,178.4174960667744,5.3123709284616805,202.830555489453,gelu2_selsoft_k32_attn,gelu2_selsoft_k32_attn
19,5.176327003479004,177.03137973149057,5.310523096530024,202.45610477983925,gelu2_selsoft_k32_attn,gelu2_selsoft_k32_attn
20,5.172599800109864,176.37277591414116,5.309040361392998,202.1561384398493,gelu2_selsoft_k32_attn,gelu2_selsoft_k32_attn
1,7.464456071853638,1744.9061864657183,6.914165648157725,1006.4309595658932,gelu2_selsoft_k4,gelu2_selsoft_k4
2,7.129097135543823,1247.749909156447,6.763575653258912,865.7322263144995,gelu2_selsoft_k4,gelu2_selsoft_k4
3,6.714135181427002,823.9708733652392,6.334505459791172,563.6905663923809,gelu2_selsoft_k4,gelu2_selsoft_k4
4,6.44254128074646,628.000699767138,6.129383891785216,459.15318546779815,gelu2_selsoft_k4,gelu2_selsoft_k4
5,6.225732690811157,505.5933503816626,5.936322276749297,378.5402003001498,gelu2_selsoft_k4,gelu2_selsoft_k4
6,6.029095203399658,415.33906194936645,5.7874354967814,326.1754728332738,gelu2_selsoft_k4,gelu2_selsoft_k4
7,5.866107246398926,352.8726568561224,5.672777821774968,290.84131866954607,gelu2_selsoft_k4,gelu2_selsoft_k4
8,5.731434967041015,308.41151135333905,5.5909888964213295,268.00051346449857,gelu2_selsoft_k4,gelu2_selsoft_k4
9,5.616423425674438,274.90440682066185,5.521245088405951,249.9460484583016,gelu2_selsoft_k4,gelu2_selsoft_k4
10,5.523183973312378,250.4311351907858,5.4763637759728345,238.97615473548825,gelu2_selsoft_k4,gelu2_selsoft_k4
11,5.444188989639282,231.40952806332103,5.425409074886116,227.10422995280535,gelu2_selsoft_k4,gelu2_selsoft_k4
12,5.378581781387329,216.71470854466452,5.397735048054221,220.90550879074604,gelu2_selsoft_k4,gelu2_selsoft_k4
13,5.326429054260254,205.70210999941796,5.368946623088357,214.6366552847134,gelu2_selsoft_k4,gelu2_selsoft_k4
14,5.28201319694519,196.76560479197764,5.348933494590714,210.3838027116867,gelu2_selsoft_k4,gelu2_selsoft_k4
15,5.245966199874878,189.79911054216385,5.3369909337894645,207.8862247789964,gelu2_selsoft_k4,gelu2_selsoft_k4
16,5.219636528015137,184.866977890252,5.323480704301845,205.09652137424212,gelu2_selsoft_k4,gelu2_selsoft_k4
17,5.198775272369385,181.05036864673323,5.321107906638505,204.6104457351937,gelu2_selsoft_k4,gelu2_selsoft_k4
18,5.18615789604187,178.7803390355246,5.314643683976042,203.29206400227443,gelu2_selsoft_k4,gelu2_selsoft_k4
19,5.178793302536011,177.46853090756383,5.3102762307949405,202.40613147331297,gelu2_selsoft_k4,gelu2_selsoft_k4
20,5.174242107391358,176.6626721925083,5.311281647368106,202.6097362890833,gelu2_selsoft_k4,gelu2_selsoft_k4
1,7.464010454177856,1744.128798648189,6.917052103373819,1009.3401740976268,gelu2_selsoft_k4_attn,gelu2_selsoft_k4_attn
2,7.108277708053589,1222.0410211780456,6.71224759781432,822.4170264167257,gelu2_selsoft_k4_attn,gelu2_selsoft_k4_attn
3,6.696333938598633,809.432948233962,6.352308406372984,573.8157813384126,gelu2_selsoft_k4_attn,gelu2_selsoft_k4_attn
4,6.422428432464599,615.4959911631312,6.111183418342454,450.87196973284966,gelu2_selsoft_k4_attn,gelu2_selsoft_k4_attn
5,6.200611282348633,493.0503419649524,5.923152105251472,373.5874468387401,gelu2_selsoft_k4_attn,gelu2_selsoft_k4_attn
6,6.016874877929688,410.2943700996044,5.783664280211855,324.9477110185048,gelu2_selsoft_k4_attn,gelu2_selsoft_k4_attn
7,5.860287994384765,350.82516515005364,5.682253439554911,293.6103181116547,gelu2_selsoft_k4_attn,gelu2_selsoft_k4_attn
8,5.721244020462036,305.28446695134204,5.579549773438962,264.95229037022506,gelu2_selsoft_k4_attn,gelu2_selsoft_k4_attn
9,5.606031898498535,272.06252154354706,5.515652174007393,248.55202356978845,gelu2_selsoft_k4_attn,gelu2_selsoft_k4_attn
10,5.509627470016479,247.05907300984296,5.45575670767687,234.10195080556736,gelu2_selsoft_k4_attn,gelu2_selsoft_k4_attn
11,5.428149684906006,227.72748774414293,5.41860627956733,225.56452943200705,gelu2_selsoft_k4_attn,gelu2_selsoft_k4_attn
12,5.363347246170044,213.4381822337685,5.384452292162501,217.99067620279757,gelu2_selsoft_k4_attn,gelu2_selsoft_k4_attn
13,5.307020841598511,201.7482920822045,5.359119641995002,212.5377547500226,gelu2_selsoft_k4_attn,gelu2_selsoft_k4_attn
14,5.2611500339508055,192.7029788818489,5.3375452595556565,208.0014934150637,gelu2_selsoft_k4_attn,gelu2_selsoft_k4_attn
15,5.225330825805664,185.92266836941093,5.323343573358958,205.0683982232044,gelu2_selsoft_k4_attn,gelu2_selsoft_k4_attn
16,5.198136840820313,180.9348172691653,5.3130362676289264,202.9655515064232,gelu2_selsoft_k4_attn,gelu2_selsoft_k4_attn
17,5.177939992904663,177.3171598932363,5.302240006224124,200.78606865933008,gelu2_selsoft_k4_attn,gelu2_selsoft_k4_attn
18,5.164925493240356,175.0244175837701,5.29847732989374,200.0319952281043,gelu2_selsoft_k4_attn,gelu2_selsoft_k4_attn
19,5.156745546340942,173.59856678422685,5.297268539702821,199.79034459628377,gelu2_selsoft_k4_attn,gelu2_selsoft_k4_attn
20,5.152677293777466,172.89375861080782,5.296467649151465,199.6303984552704,gelu2_selsoft_k4_attn,gelu2_selsoft_k4_attn
1,7.46866010093689,1752.257264066356,6.915116860052783,1007.3887441220004,gelu2_selsoft_k8,gelu2_selsoft_k8
2,7.087871656417847,1197.3567003162132,6.602749528142507,737.1191353255031,gelu2_selsoft_k8,gelu2_selsoft_k8
3,6.625786045074463,754.2968909438898,6.270119315849807,528.5404373670561,gelu2_selsoft_k8,gelu2_selsoft_k8
4,6.338367033004761,565.8715070051037,6.010110289179637,407.5282637533543,gelu2_selsoft_k8,gelu2_selsoft_k8
5,6.102766445159912,447.092918850498,5.838581476382867,343.29202726564847,gelu2_selsoft_k8,gelu2_selsoft_k8
6,5.920371208190918,372.5499818162752,5.701668078028513,299.36635114026944,gelu2_selsoft_k8,gelu2_selsoft_k8
7,5.7691977519989015,320.2806850138249,5.606956855979508,272.31428422507946,gelu2_selsoft_k8,gelu2_selsoft_k8
8,5.638694416046143,281.0954850456302,5.527146734020668,251.42550277259195,gelu2_selsoft_k8,gelu2_selsoft_k8
9,5.5308839702606205,252.36689728434544,5.47220047305444,237.9832928395791,gelu2_selsoft_k8,gelu2_selsoft_k8
10,5.441470762252807,230.78135848730335,5.414438288797162,224.6263351061064,gelu2_selsoft_k8,gelu2_selsoft_k8
11,5.366181213378907,214.04391695409916,5.381739568995858,217.4001292027604,gelu2_selsoft_k8,gelu2_selsoft_k8
12,5.301762432098388,200.69020132183223,5.341872753211838,208.9035690137301,gelu2_selsoft_k8,gelu2_selsoft_k8
13,5.249510181427002,190.4729484177625,5.325717093987379,205.55571039058844,gelu2_selsoft_k8,gelu2_selsoft_k8
14,5.20784035873413,182.6990673828563,5.302984778467053,200.9356642504415,gelu2_selsoft_k8,gelu2_selsoft_k8
15,5.173847681045532,176.59300552036032,5.293030492702644,198.94541541514425,gelu2_selsoft_k8,gelu2_selsoft_k8
16,5.146398563385009,171.81160614084322,5.277548797972901,195.8891225670877,gelu2_selsoft_k8,gelu2_selsoft_k8
17,5.127441928863526,168.58531276342805,5.2716035203305545,194.72796247610128,gelu2_selsoft_k8,gelu2_selsoft_k8
18,5.11452911567688,166.42239683214865,5.268692418058476,194.16191377467925,gelu2_selsoft_k8,gelu2_selsoft_k8
19,5.106189409255982,165.0402542431581,5.265985981147447,193.63713726210884,gelu2_selsoft_k8,gelu2_selsoft_k8
20,5.103214406967163,164.54998874112977,5.265129306930268,193.4713243530908,gelu2_selsoft_k8,gelu2_selsoft_k8
1,7.46809517288208,1751.2676443369346,6.913572483291169,1005.8341570986904,gelu2_selsoft_k8_attn,gelu2_selsoft_k8_attn
2,7.134421745300293,1254.411409703175,6.7293011596816745,836.5624380667731,gelu2_selsoft_k8_attn,gelu2_selsoft_k8_attn
3,6.707480951309204,818.506183379981,6.329323072490578,560.7768600581443,gelu2_selsoft_k8_attn,gelu2_selsoft_k8_attn
4,6.435599508285523,623.6563579656731,6.148816663205267,468.1630642920896,gelu2_selsoft_k8_attn,gelu2_selsoft_k8_attn
5,6.240354511260986,513.0403572916356,5.976906488041678,394.2189588438427,gelu2_selsoft_k8_attn,gelu2_selsoft_k8_attn
6,6.068363473892212,431.9731674333324,5.833214493140489,341.4545200539839,gelu2_selsoft_k8_attn,gelu2_selsoft_k8_attn
7,5.920059797286988,372.4339837521469,5.734882286779895,309.4765391350387,gelu2_selsoft_k8_attn,gelu2_selsoft_k8_attn
8,5.789903579711914,326.981495206003,5.643042296563793,282.3203154071708,gelu2_selsoft_k8_attn,gelu2_selsoft_k8_attn
9,5.677742469787598,292.28883367234835,5.570364578041488,262.52979439331546,gelu2_selsoft_k8_attn,gelu2_selsoft_k8_attn
10,5.582696060180664,265.78721902232,5.517633997180504,249.04509816176483,gelu2_selsoft_k8_attn,gelu2_selsoft_k8_attn
11,5.504197849273682,245.7212711074309,5.475334389623767,238.7302825145161,gelu2_selsoft_k8_attn,gelu2_selsoft_k8_attn
12,5.438111515045166,230.00740752733643,5.449561481133193,232.6561194367948,gelu2_selsoft_k8_attn,gelu2_selsoft_k8_attn
13,5.383491641998291,217.7813639779157,5.418495555694945,225.53955543647,gelu2_selsoft_k8_attn,gelu2_selsoft_k8_attn
14,5.339324058532715,208.3718155254271,5.397991536191838,220.96217570016944,gelu2_selsoft_k8_attn,gelu2_selsoft_k8_attn
15,5.30320650100708,200.98022115575364,5.384946079025726,218.09834371522592,gelu2_selsoft_k8_attn,gelu2_selsoft_k8_attn
16,5.276169046401978,195.61903061524447,5.369324738394001,214.7178280345912,gelu2_selsoft_k8_attn,gelu2_selsoft_k8_attn
17,5.257643451690674,192.0284334004276,5.360674611965339,212.86850166033489,gelu2_selsoft_k8_attn,gelu2_selsoft_k8_attn
18,5.243665700912476,189.3629797368737,5.357037364365812,212.09565258741176,gelu2_selsoft_k8_attn,gelu2_selsoft_k8_attn
19,5.236140487670898,187.94333121264344,5.353499619832296,211.3466380441404,gelu2_selsoft_k8_attn,gelu2_selsoft_k8_attn
20,5.232462804794311,187.2534046847875,5.353629755259988,211.37414351895305,gelu2_selsoft_k8_attn,gelu2_selsoft_k8_attn
1,7.465273439407347,1746.3329992025865,6.913235203520267,1005.4949667888488,gelu2_soft_k1,gelu2_soft_k1
2,7.133807909011841,1253.6416427388692,6.690682997103937,804.8717895576966,gelu2_soft_k1,gelu2_soft_k1
3,6.679026775360107,795.5444916358355,6.3260121573945005,558.9232457597294,gelu2_soft_k1,gelu2_soft_k1
4,6.462975847244262,640.9656371185224,6.188282748467908,487.0090706471219,gelu2_soft_k1,gelu2_soft_k1
5,6.287273529052734,537.6853453136954,6.019749619718083,411.47555746174993,gelu2_soft_k1,gelu2_soft_k1
6,6.098922559738159,445.3776436701864,5.858896228082166,350.3372381260492,gelu2_soft_k1,gelu2_soft_k1
7,5.935457221984863,378.2128838900718,5.7334397521561495,309.0304303531408,gelu2_soft_k1,gelu2_soft_k1
8,5.792616064071655,327.8696313808723,5.634631877602217,279.95584032387745,gelu2_soft_k1,gelu2_soft_k1
9,5.6741100063323975,291.2290311779083,5.563653998460598,260.7739652204009,gelu2_soft_k1,gelu2_soft_k1
10,5.574493427276611,263.61598114170164,5.506928990986533,246.39328798963456,gelu2_soft_k1,gelu2_soft_k1
11,5.493751266479492,243.16768485255955,5.460008160368411,235.0993428546617,gelu2_soft_k1,gelu2_soft_k1
12,5.425520397186279,227.1295131253248,5.423268010944663,226.61850544427037,gelu2_soft_k1,gelu2_soft_k1
13,5.370572141647338,214.98583487338053,5.398184831699211,221.0048908242196,gelu2_soft_k1,gelu2_soft_k1
14,5.326038843154907,205.62185841025183,5.38192072200204,217.43951545707145,gelu2_soft_k1,gelu2_soft_k1
15,5.291170888900757,198.5757995403281,5.359581432799379,212.63592539615536,gelu2_soft_k1,gelu2_soft_k1
16,5.263509954452514,193.1582796179173,5.351613351970376,210.948357423131,gelu2_soft_k1,gelu2_soft_k1
17,5.244329294204712,189.48868144281656,5.344090645613071,209.3674088353065,gelu2_soft_k1,gelu2_soft_k1
18,5.230937719345093,186.96804489632623,5.335755122635892,207.6294753433249,gelu2_soft_k1,gelu2_soft_k1
19,5.221940990447998,185.2934881455568,5.337983225633998,208.09261096516545,gelu2_soft_k1,gelu2_soft_k1
20,5.218796403884888,184.7117319033212,5.336015795519252,207.68360577219408,gelu2_soft_k1,gelu2_soft_k1
1,7.463754396438599,1743.6822581435497,6.915781838879614,1008.058859088668,gelu2_soft_k16,gelu2_soft_k16
2,7.136454128265381,1256.9634465631384,6.9146327943858985,1006.901219824172,gelu2_soft_k16,gelu2_soft_k16
3,6.871846385955811,964.7281829445568,6.407037372360686,606.0953835984097,gelu2_soft_k16,gelu2_soft_k16
4,6.511222414016723,672.6481697791304,6.217371378116265,501.3835505352204,gelu2_soft_k16,gelu2_soft_k16
5,6.327813756942749,559.9311092373819,6.065065743109424,430.5509825021202,gelu2_soft_k16,gelu2_soft_k16
6,6.153048315048218,470.1483649740038,5.906457090663339,367.40217423639535,gelu2_soft_k16,gelu2_soft_k16
7,5.98859578704834,398.8541403601754,5.769145774270246,320.2640379839268,gelu2_soft_k16,gelu2_soft_k16
8,5.843479368209839,344.97755888646725,5.680426576465903,293.07442191248055,gelu2_soft_k16,gelu2_soft_k16
9,5.722929262161255,305.79937881878334,5.59761506954353,269.78222771808635,gelu2_soft_k16,gelu2_soft_k16
10,5.620043630599976,275.9014207166992,5.545101462723967,255.9805494095218,gelu2_soft_k16,gelu2_soft_k16
11,5.535871431350708,253.62871137370408,5.491549765421245,242.63293977392817,gelu2_soft_k16,gelu2_soft_k16
12,5.4662955989837645,236.582172255872,5.451948148761681,233.2120554189376,gelu2_soft_k16,gelu2_soft_k16
13,5.409923929214478,223.61457649703885,5.424618819802107,226.92483057545644,gelu2_soft_k16,gelu2_soft_k16
14,5.36466750907898,213.72016285243856,5.406059668877881,222.7521389731506,gelu2_soft_k16,gelu2_soft_k16
15,5.328085180282593,206.0430608675118,5.385249756339068,218.16458529181264,gelu2_soft_k16,gelu2_soft_k16
16,5.300131160736084,200.36308802153908,5.375669974481275,216.08459498938933,gelu2_soft_k16,gelu2_soft_k16
17,5.280496568679809,196.46741069605048,5.366486930276105,214.1093637998481,gelu2_soft_k16,gelu2_soft_k16
18,5.266029865264892,193.6456350434397,5.361400126839826,213.02299696214212,gelu2_soft_k16,gelu2_soft_k16
19,5.258232292175293,192.14154081405573,5.3598065033644255,212.683788870161,gelu2_soft_k16,gelu2_soft_k16
20,5.254388072967529,191.4043245306304,5.359434829643386,212.60475458334045,gelu2_soft_k16,gelu2_soft_k16
1,7.466255571365356,1748.0489711679463,6.916408784946282,1008.6910557812508,gelu2_soft_k16_attn,gelu2_soft_k16_attn
2,7.1100268573760985,1224.1804239242872,6.681815364974701,797.7660347896397,gelu2_soft_k16_attn,gelu2_soft_k16_attn
3,6.671426429748535,789.5209978629446,6.315754712841468,553.2194248807697,gelu2_soft_k16_attn,gelu2_soft_k16_attn
4,6.418912231445312,613.3355839705024,6.119946334747497,454.8402847258241,gelu2_soft_k16_attn,gelu2_soft_k16_attn
5,6.21885604095459,502.1284889147773,5.94963683568075,383.61399884420086,gelu2_soft_k16_attn,gelu2_soft_k16_attn
6,6.038879653930664,419.42287279680056,5.805971330083059,332.27778805668027,gelu2_soft_k16_attn,gelu2_soft_k16_attn
7,5.884089235305786,359.27540359017235,5.699580287362287,298.7419888622376,gelu2_soft_k16_attn,gelu2_soft_k16_attn
8,5.753803762435913,315.3880427525235,5.616652049561461,274.9672637197294,gelu2_soft_k16_attn,gelu2_soft_k16_attn
9,5.640269557952881,281.53859921615384,5.547145066860908,256.5042072116501,gelu2_soft_k16_attn,gelu2_soft_k16_attn
10,5.545186491012573,256.0023159229262,5.492945544305676,242.97183816652213,gelu2_soft_k16_attn,gelu2_soft_k16_attn
11,5.466527088165283,236.6369448086716,5.449722559009484,232.6935982088392,gelu2_soft_k16_attn,gelu2_soft_k16_attn
12,5.40040371131897,221.4958185256516,5.41585770738339,224.94540029106952,gelu2_soft_k16_attn,gelu2_soft_k16_attn
13,5.346072147369385,209.78268202002528,5.390223464851608,219.25237527951623,gelu2_soft_k16_attn,gelu2_soft_k16_attn
14,5.302647510528565,200.86790652008827,5.371449977052426,215.1746399085726,gelu2_soft_k16_attn,gelu2_soft_k16_attn
15,5.266037544250488,193.64712205119127,5.350922695890872,210.8027149578317,gelu2_soft_k16_attn,gelu2_soft_k16_attn
16,5.239930652618408,188.65701908173187,5.34084762470451,208.6895257395272,gelu2_soft_k16_attn,gelu2_soft_k16_attn
17,5.220009731292724,184.93598372811985,5.333843866793695,207.23302127882005,gelu2_soft_k16_attn,gelu2_soft_k16_attn
18,5.207846979141236,182.70027692906396,5.328656434727286,206.16079750741807,gelu2_soft_k16_attn,gelu2_soft_k16_attn
19,5.199745908737183,181.2261880334865,5.327764850890565,205.97706978909787,gelu2_soft_k16_attn,gelu2_soft_k16_attn
20,5.195447080612182,180.44879992548533,5.32695573589759,205.81047805874425,gelu2_soft_k16_attn,gelu2_soft_k16_attn
1,7.45961215019226,1736.4744354493016,6.914993472870239,1007.2644529312644,gelu2_soft_k2,gelu2_soft_k2
2,7.101690893173218,1214.018114901433,6.679984082433278,796.3064366541888,gelu2_soft_k2,gelu2_soft_k2
3,6.678027416229248,794.7498541143806,6.303769597036396,546.6286007965325,gelu2_soft_k2,gelu2_soft_k2
4,6.3725042819976805,585.5223073659674,6.038337584741101,419.1955781903267,gelu2_soft_k2,gelu2_soft_k2
5,6.1208810691833495,455.2656383681485,5.845918726778316,345.820110075102,gelu2_soft_k2,gelu2_soft_k2
6,5.938117563247681,379.220398803746,5.726343027560297,306.8450900481077,gelu2_soft_k2,gelu2_soft_k2
7,5.794727500915528,328.5626387637556,5.629884910012434,278.6300482588538,gelu2_soft_k2,gelu2_soft_k2
8,5.670966020584107,290.31484909514666,5.553228079630229,258.0692809351879,gelu2_soft_k2,gelu2_soft_k2
9,5.5589246044158935,259.54357417767136,5.4838946924951975,240.78265798227767,gelu2_soft_k2,gelu2_soft_k2
10,5.466005151748657,236.51346759608683,5.4329136540075975,228.81496275128276,gelu2_soft_k2,gelu2_soft_k2
11,5.388921676635742,218.96714081878775,5.401906960881399,221.82903240699216,gelu2_soft_k2,gelu2_soft_k2
12,5.324750675201416,205.3571534505374,5.360163236949258,212.7596738551571,gelu2_soft_k2,gelu2_soft_k2
13,5.270519853591919,194.51705655658816,5.33873913987668,208.2499706012928,gelu2_soft_k2,gelu2_soft_k2
14,5.2260736465454105,186.06082689061932,5.318046039307188,203.98491383229845,gelu2_soft_k2,gelu2_soft_k2
15,5.191952056884766,179.81922791358352,5.304246826514513,201.1894148021876,gelu2_soft_k2,gelu2_soft_k2
16,5.165299783706665,175.0899398160514,5.294609847040234,199.2598689713544,gelu2_soft_k2,gelu2_soft_k2
17,5.145523466110229,171.6613200396033,5.288622008112377,198.0702980050966,gelu2_soft_k2,gelu2_soft_k2
18,5.13310424041748,169.54260300782062,5.287956048771293,197.9384351524716,gelu2_soft_k2,gelu2_soft_k2
19,5.1257534484863285,168.30089995124047,5.282956367195723,196.95127580266848,gelu2_soft_k2,gelu2_soft_k2
20,5.122181489944458,167.70080850298385,5.283077811052699,196.9751957776759,gelu2_soft_k2,gelu2_soft_k2
1,7.465307308197022,1746.3921463892518,6.914007624894559,1006.2719326268198,gelu2_soft_k32,gelu2_soft_k32
2,7.147384490966797,1270.7778737492058,6.702818282921157,814.6986440181645,gelu2_soft_k32,gelu2_soft_k32
3,6.688325338363647,802.97641175322,6.315023292038969,552.8149366286592,gelu2_soft_k32,gelu2_soft_k32
4,6.420072206497192,614.0474507403643,6.12842737015136,458.7142054930353,gelu2_soft_k32,gelu2_soft_k32
5,6.221443984985352,503.42965228311925,5.948062029284632,383.0103564998464,gelu2_soft_k32,gelu2_soft_k32
6,6.03802837562561,419.0659791340142,5.79865922356794,329.8569987982546,gelu2_soft_k32,gelu2_soft_k32
7,5.874390180587769,355.80761610718935,5.678136409828049,292.4040006302574,gelu2_soft_k32,gelu2_soft_k32
8,5.734372249603272,309.3187348412364,5.593467132202879,268.6655055897337,gelu2_soft_k32,gelu2_soft_k32
9,5.6161870136260985,274.8394237884363,5.528766641217078,251.83311881483905,gelu2_soft_k32,gelu2_soft_k32
10,5.522572633743287,250.27808351655025,5.4727388798833605,238.1114591693304,gelu2_soft_k32,gelu2_soft_k32
11,5.445624761581421,231.74201800360416,5.438836356979644,230.17418697862087,gelu2_soft_k32,gelu2_soft_k32
12,5.378963825225831,216.79751888135897,5.402802422803319,222.02776082227413,gelu2_soft_k32,gelu2_soft_k32
13,5.324663320541382,205.33921532971272,5.385568999673078,218.2342439998316,gelu2_soft_k32,gelu2_soft_k32
14,5.281519695281983,196.66852459534027,5.351564848779918,210.93812600290445,gelu2_soft_k32,gelu2_soft_k32
15,5.246987239837647,189.99300198753775,5.338526902227344,208.20577680701768,gelu2_soft_k32,gelu2_soft_k32
16,5.219912147521972,184.91793785798623,5.329983867142729,206.43464374880037,gelu2_soft_k32,gelu2_soft_k32
17,5.200466436386108,181.3568135666769,5.319911118467411,204.365716847585,gelu2_soft_k32,gelu2_soft_k32
18,5.187862970352173,179.0854328286798,5.314650169532456,203.29338246869943,gelu2_soft_k32,gelu2_soft_k32
19,5.179209213256836,177.54235732371214,5.313155945189699,202.98984338211557,gelu2_soft_k32,gelu2_soft_k32
20,5.176232576370239,177.01466395936524,5.313113780221539,202.9812845022763,gelu2_soft_k32,gelu2_soft_k32
1,7.468905035018921,1752.68650415643,6.917224226740306,1009.5139200787656,gelu2_soft_k32_attn,gelu2_soft_k32_attn
2,7.117957113265991,1233.9270836143912,6.789965884842559,888.8832369217959,gelu2_soft_k32_attn,gelu2_soft_k32_attn
3,6.725240232467652,833.1721074978317,6.362509634394845,579.6993658370438,gelu2_soft_k32_attn,gelu2_soft_k32_attn
4,6.465716110229492,642.7244602470912,6.199446009447475,492.4761383794669,gelu2_soft_k32_attn,gelu2_soft_k32_attn
5,6.317985025405884,554.4546540765252,6.0782344526873375,436.2582797417892,gelu2_soft_k32_attn,gelu2_soft_k32_attn
6,6.169406719207764,477.9024915972381,5.93223174260762,376.9949313292464,gelu2_soft_k32_attn,gelu2_soft_k32_attn
7,6.019397500991821,411.3306947185076,5.804211485171747,331.6935449216667,gelu2_soft_k32_attn,gelu2_soft_k32_attn
8,5.875744678497314,356.28988332064,5.704703868934494,300.2765456677211,gelu2_soft_k32_attn,gelu2_soft_k32_attn
9,5.750810441970825,314.44539679426697,5.627376611789543,277.9320367804027,gelu2_soft_k32_attn,gelu2_soft_k32_attn
10,5.648360143661499,283.82565070103504,5.568246523348871,261.9743303895769,gelu2_soft_k32_attn,gelu2_soft_k32_attn
11,5.566284862518311,261.4609293310482,5.521017753007169,249.8892333319907,gelu2_soft_k32_attn,gelu2_soft_k32_attn
12,5.496927923202515,243.9413733342097,5.487064811569488,241.54717884993423,gelu2_soft_k32_attn,gelu2_soft_k32_attn
13,5.440818677902222,230.63091863009595,5.460252773833132,235.15685835371696,gelu2_soft_k32_attn,gelu2_soft_k32_attn
14,5.395904876708984,220.501583597456,5.433096497929738,228.85680400160925,gelu2_soft_k32_attn,gelu2_soft_k32_attn
15,5.359827444076538,212.68824266678743,5.417494635667629,225.31392131817307,gelu2_soft_k32_attn,gelu2_soft_k32_attn
16,5.332637937545776,206.98326354267252,5.406073574248902,222.75523644582444,gelu2_soft_k32_attn,gelu2_soft_k32_attn
17,5.311906799316406,202.7364377601784,5.397866357586341,220.93451769427907,gelu2_soft_k32_attn,gelu2_soft_k32_attn
18,5.299005247116089,200.1376234424296,5.395019765956673,220.30650162222503,gelu2_soft_k32_attn,gelu2_soft_k32_attn
19,5.290971820831299,198.53627337360192,5.392052839473336,219.6538371106876,gelu2_soft_k32_attn,gelu2_soft_k32_attn
20,5.28726312828064,197.8013270628548,5.3909618726033655,219.41433272097015,gelu2_soft_k32_attn,gelu2_soft_k32_attn
1,7.463922319412231,1743.9750870390678,6.918550432513574,1010.8536314378788,gelu2_soft_k4,gelu2_soft_k4
2,7.168753019332886,1298.2247318978325,6.77821936635914,878.5030385013058,gelu2_soft_k4,gelu2_soft_k4
3,6.72350514793396,831.7277368751313,6.341844935045985,567.8429789803799,gelu2_soft_k4,gelu2_soft_k4
4,6.435765281677246,623.7597521651695,6.113515952675642,451.92487156958737,gelu2_soft_k4,gelu2_soft_k4
5,6.2056889171600345,495.560238321054,5.922203808059235,373.2333428362996,gelu2_soft_k4,gelu2_soft_k4
6,6.007969873428345,406.65691669367,5.771300465475299,320.9548520681115,gelu2_soft_k4,gelu2_soft_k4
7,5.848428230285645,346.6890366854152,5.662353558454685,287.8252595880329,gelu2_soft_k4,gelu2_soft_k4
8,5.710648885726929,302.0670116759321,5.56747717429064,261.77285819636955,gelu2_soft_k4,gelu2_soft_k4
9,5.593427604675293,268.6548861164323,5.501029154497706,244.9438876951566,gelu2_soft_k4,gelu2_soft_k4
10,5.497132682800293,243.9913277858473,5.459176206303214,234.9038323398092,gelu2_soft_k4,gelu2_soft_k4
11,5.417611154556274,225.34017617544504,5.425320249546074,227.0840582382477,gelu2_soft_k4,gelu2_soft_k4
12,5.351756326675415,210.97851985849329,5.379438880532088,216.900534160127,gelu2_soft_k4,gelu2_soft_k4
13,5.297752285003663,199.8870156168265,5.343385543366392,209.2198354382364,gelu2_soft_k4,gelu2_soft_k4
14,5.252405414581299,191.02521109184747,5.330857145572137,206.6149974082874,gelu2_soft_k4,gelu2_soft_k4
15,5.217534343719483,184.4787616265789,5.314734474342027,203.3105218010494,gelu2_soft_k4,gelu2_soft_k4
16,5.190114295959472,179.48906663457922,5.307056464121013,201.75547899328623,gelu2_soft_k4,gelu2_soft_k4
17,5.1713009986877445,176.1438513978852,5.296399599063896,199.61681405138935,gelu2_soft_k4,gelu2_soft_k4
18,5.157703777313232,173.7649940328022,5.2936000121567774,199.05875096987208,gelu2_soft_k4,gelu2_soft_k4
19,5.150072347640991,172.44396577969104,5.290533008118589,198.44917224485056,gelu2_soft_k4,gelu2_soft_k4
20,5.14672926902771,171.86843460470436,5.290640273636686,198.4704601398355,gelu2_soft_k4,gelu2_soft_k4
1,7.466703065872192,1748.8313885309033,6.910052928239286,1002.3002908759868,gelu2_soft_k4_attn,gelu2_soft_k4_attn
2,7.052404582977295,1155.6342228902968,6.564988265351621,709.8035668527839,gelu2_soft_k4_attn,gelu2_soft_k4_attn
3,6.604466659545898,738.38595307581,6.2880083843619525,538.0806114583133,gelu2_soft_k4_attn,gelu2_soft_k4_attn
4,6.384600690841674,592.6480355558809,6.080288775666745,437.1554163394727,gelu2_soft_k4_attn,gelu2_soft_k4_attn
5,6.180225311279297,483.1007921488672,5.931878396565329,376.8617451940802,gelu2_soft_k4_attn,gelu2_soft_k4_attn
6,6.001515949249268,404.04083486398105,5.788779476873889,326.61414088995747,gelu2_soft_k4_attn,gelu2_soft_k4_attn
7,5.849827026367188,347.1743232808115,5.671464050315811,290.45947053144965,gelu2_soft_k4_attn,gelu2_soft_k4_attn
8,5.715848106384278,303.64161452974344,5.578897150119621,264.7794327386127,gelu2_soft_k4_attn,gelu2_soft_k4_attn
9,5.602268016815185,271.04043511481865,5.519021456255884,249.39087786551215,gelu2_soft_k4_attn,gelu2_soft_k4_attn
10,5.509701602935791,247.0773888990644,5.475445510384565,238.756811879089,gelu2_soft_k4_attn,gelu2_soft_k4_attn
11,5.429430290222168,228.0193035861633,5.419007655960357,225.65508388121867,gelu2_soft_k4_attn,gelu2_soft_k4_attn
12,5.361198160171509,212.97997776153923,5.3843572513785904,217.96995918254257,gelu2_soft_k4_attn,gelu2_soft_k4_attn
13,5.305440120697021,201.42963625938168,5.355263661481663,211.71979134832287,gelu2_soft_k4_attn,gelu2_soft_k4_attn
14,5.260898420333862,192.65449828778128,5.339427928581923,208.39346024025863,gelu2_soft_k4_attn,gelu2_soft_k4_attn
15,5.225603328704834,185.9733397392969,5.3216777795803045,204.72708092228984,gelu2_soft_k4_attn,gelu2_soft_k4_attn
16,5.197471176147461,180.8144154312913,5.30774909721877,201.89526992201425,gelu2_soft_k4_attn,gelu2_soft_k4_attn
17,5.178092702865601,177.34424005745,5.301416337704231,200.62075558627544,gelu2_soft_k4_attn,gelu2_soft_k4_attn
18,5.1651664657592775,175.06659874059366,5.298722578379922,200.08105878825805,gelu2_soft_k4_attn,gelu2_soft_k4_attn
19,5.156741514205932,173.59786681277924,5.295689651923265,199.47514695905556,gelu2_soft_k4_attn,gelu2_soft_k4_attn
20,5.15307685661316,172.9628543343944,5.295499833044178,199.4372864036918,gelu2_soft_k4_attn,gelu2_soft_k4_attn
1,7.470720521926879,1755.871373728212,6.916176968991399,1008.4572522017204,gelu2_soft_k8,gelu2_soft_k8
2,7.058814569473267,1163.0656147690777,6.573542679997975,715.9015661015718,gelu2_soft_k8,gelu2_soft_k8
3,6.594838918685913,731.311076652793,6.231855134906883,508.6983126846604,gelu2_soft_k8,gelu2_soft_k8
4,6.311654733657837,550.9558801686943,5.999396826121622,403.1855291554369,gelu2_soft_k8,gelu2_soft_k8
5,6.082059743881225,437.930290622939,5.815620112276362,335.4993812931525,gelu2_soft_k8,gelu2_soft_k8
6,5.892739755630493,362.3968041758,5.679666080589066,292.8516247519087,gelu2_soft_k8,gelu2_soft_k8
7,5.732976987838745,308.88745518143645,5.581564547487361,265.48664749259814,gelu2_soft_k8,gelu2_soft_k8
8,5.604392259597779,271.6168027585722,5.515528022743271,248.52116743731585,gelu2_soft_k8,gelu2_soft_k8
9,5.497691696166992,244.1277603296931,5.449992337483846,232.75638240128893,gelu2_soft_k8,gelu2_soft_k8
10,5.409851024627685,223.59827456298868,5.404172703748691,222.33220977493403,gelu2_soft_k8,gelu2_soft_k8
11,5.334756772994995,207.4222919691081,5.363254117109104,213.4183058618368,gelu2_soft_k8,gelu2_soft_k8
12,5.271298570632935,194.6685892962028,5.336533987879039,207.7912537187212,gelu2_soft_k8,gelu2_soft_k8
13,5.219910303115845,184.91759679452315,5.312184216162402,202.7926880653405,gelu2_soft_k8,gelu2_soft_k8
14,5.176290500640869,177.02491770163326,5.293631364628227,199.06499205151476,gelu2_soft_k8,gelu2_soft_k8
15,5.141958707809448,171.05047832246578,5.276776779197647,195.7379508478089,gelu2_soft_k8,gelu2_soft_k8
16,5.115912015914917,166.6527016119068,5.268813121247434,194.18535115130072,gelu2_soft_k8,gelu2_soft_k8
17,5.097721183776856,163.64855707643616,5.265479707432364,193.5391286809269,gelu2_soft_k8,gelu2_soft_k8
18,5.084285566329956,161.46454231523666,5.261500921649134,192.7706078509625,gelu2_soft_k8,gelu2_soft_k8
19,5.076994123458863,160.29151455868518,5.259287083220339,192.3443169150949,gelu2_soft_k8,gelu2_soft_k8
20,5.073363956451416,159.7106844839014,5.258341131952708,192.16245459469505,gelu2_soft_k8,gelu2_soft_k8
1,7.461338325500488,1739.4744833024752,6.913593577767561,1005.8553748673592,gelu2_soft_k8_attn,gelu2_soft_k8_attn
2,7.091569734573365,1201.792816470526,6.655266745218974,776.8651205077065,gelu2_soft_k8_attn,gelu2_soft_k8_attn
3,6.649140459060669,772.1203711589409,6.312251269745969,551.2846432839659,gelu2_soft_k8_attn,gelu2_soft_k8_attn
4,6.386501239776611,593.7754631749655,6.071547228990201,433.3506558366534,gelu2_soft_k8_attn,gelu2_soft_k8_attn
5,6.151775871276856,469.5505080656927,5.871223420011783,354.6826407797628,gelu2_soft_k8_attn,gelu2_soft_k8_attn
6,5.964301998138428,389.28121420639326,5.742786164769155,311.9322961583305,gelu2_soft_k8_attn,gelu2_soft_k8_attn
7,5.816161399841309,335.6810320945184,5.648311566449925,283.8118635772235,gelu2_soft_k8_attn,gelu2_soft_k8_attn
8,5.690222566604614,295.9594840081781,5.576251001415138,264.07971317499835,gelu2_soft_k8_attn,gelu2_soft_k8_attn
9,5.577325117111206,264.3635177321114,5.496743137679414,243.8963006644489,gelu2_soft_k8_attn,gelu2_soft_k8_attn
10,5.4824738159179685,240.44077848515067,5.454180373688658,233.7332186426792,gelu2_soft_k8_attn,gelu2_soft_k8_attn
11,5.403290515899658,222.13615749120805,5.403594998685186,222.20380442534827,gelu2_soft_k8_attn,gelu2_soft_k8_attn
12,5.3380418872833255,208.1048183789875,5.377404863391808,216.4598031350894,gelu2_soft_k8_attn,gelu2_soft_k8_attn
13,5.282090454101563,196.78080693030523,5.343539661704424,209.25208253642805,gelu2_soft_k8_attn,gelu2_soft_k8_attn
14,5.237416246414185,188.1832545703002,5.326143556583427,205.64339090737576,gelu2_soft_k8_attn,gelu2_soft_k8_attn
15,5.2021718654632565,181.6663686369533,5.319469764275465,204.27553908339516,gelu2_soft_k8_attn,gelu2_soft_k8_attn
16,5.173942798614502,176.60980341661732,5.305729944834452,201.4880238906273,gelu2_soft_k8_attn,gelu2_soft_k8_attn
17,5.155418645858765,173.3683715191344,5.296437613550061,199.62440252624037,gelu2_soft_k8_attn,gelu2_soft_k8_attn
18,5.142193717956543,171.09068164444622,5.2897907416977565,198.30192474324977,gelu2_soft_k8_attn,gelu2_soft_k8_attn
19,5.133934579849243,169.68343937936635,5.291516841385893,198.64450921612328,gelu2_soft_k8_attn,gelu2_soft_k8_attn
20,5.130642044067383,169.12566932643824,5.288892648891061,198.1239111594085,gelu2_soft_k8_attn,gelu2_soft_k8_attn
